Campaign,Impr.,Cost,Day,Clicks,Conversions,Revenue,ROAS,Industry,Country,CTR,CPC,CPA
Search - Fintech,59886.0,2662.38,2024-01-21,2113.0,159,4803.43,1.8,Fintech,UAE,0.0353,1.26,16.74
Shopping - Fintech,8748.0,438.02,2024-11-13,362.0,10,966.57,2.21,Fintech,USA,0.0414,1.21,43.8
Shopping - SaaS,116472.0,10736.08,2024-02-29,4006.0,291,78428.38,7.31,SaaS,USA,0.0344,2.68,36.89
Video - SaaS,34592.0,1857.25,2024-11-01,1615.0,116,4344.96,2.34,SaaS,Canada,0.0467,1.15,16.01
Search - SaaS,188062.0,14657.4,2024-11-13,8143.0,614,124232.5,8.48,SaaS,UAE,0.0433,1.8,23.87
Display - Healthcare,198824.0,32656.06,2024-04-09,9046.0,407,71482.19,2.19,Healthcare,Australia,0.0455,3.61,80.24
Shopping - SaaS,105386.0,6885.06,2024-08-29,3783.0,130,36776.35,5.34,SaaS,UAE,0.0359,1.82,52.96
Search - Healthcare,49425.0,2534.92,2024-09-05,1996.0,98,9253.27,3.65,Healthcare,UAE,0.0404,1.27,25.87
Video - Healthcare,11801.0,2361.15,2024-11-26,795.0,57,3966.25,1.68,Healthcare,Canada,0.0674,2.97,41.42
Display - EdTech,35355.0,2133.42,2024-02-27,961.0,68,6145.22,2.88,EdTech,India,0.0272,2.22,31.37
search - fintech,63243.0,3823.68,2024-01-08,1707.0,37,3893.12,1.02,Fintech,India,0.027,2.24,103.34
Search - E-commerce,152979.0,3673.5,2024-08-20,4650.0,330,91949.73,25.03,E-commerce,UAE,0.0304,0.79,11.13
Display - EdTech,132600.0,10407.06,2024-01-08,6802.0,97,6779.29,0.65,EdTech,USA,0.0513,1.53,107.29
Video - Fintech,110977.0,4689.5,2024-09-30,4150.0,197,18314.78,3.91,Fintech,Australia,0.0374,1.13,23.8
Search - EdTech,87152.0,9465.37,2024-03-07,3599.0,127,25958.5,2.74,EdTech,UK,0.0413,2.63,74.53
Shopping - Healthcare,69323.0,4750.11,2024-04-27,2169.0,94,16337.12,3.44,Healthcare,India,0.0313,2.19,50.53
Display - SaaS,138291.0,2753.94,2024-05-17,3318.0,217,12761.51,4.63,SaaS,UAE,0.024,0.83,12.69
Search - Healthcare,160002.0,22259.2,2024-12-04,7520.0,403,70823.58,3.18,Healthcare,UAE,0.047,2.96,55.23
Search - EdTech,25103.0,1661.4,2024-06-05,710.0,24,1896.75,1.14,EdTech,Australia,0.0283,2.34,69.23
Shopping - Fintech,72526.0,3347.76,2024-06-30,2146.0,168,25859.74,7.72,Fintech,Canada,0.0296,1.56,19.93
Shopping - Fintech,132157.0,2789.07,2024-06-13,2999.0,152,21855.26,7.84,Fintech,Germany,0.0227,0.93,18.35
Video - E-commerce,34402.0,4323.06,2024-05-13,1314.0,17,1273.24,0.29,E-commerce,Australia,0.0382,3.29,254.3
Shopping - EdTech,168059.0,10662.96,2024-08-14,3462.0,154,33243.77,3.12,EdTech,Canada,0.0206,3.08,69.24
Display - E-commerce,115017.0,7093.76,2024-04-17,2771.0,95,22528.38,3.18,E-commerce,UAE,0.0241,2.56,74.67
Video - E-commerce,198555.0,32235.84,2024-04-08,13104.0,336,58794.32,1.82,E-commerce,USA,0.066,2.46,95.94
Display - Fintech,117217.0,19550.98,2024-06-24,5602.0,411,75729.26,3.87,Fintech,UAE,0.0478,3.49,47.57
Search - Fintech,170904.0,5321.12,2024-08-20,4751.0,326,44297.15,8.32,Fintech,USA,0.0278,1.12,16.32
Search - Healthcare,88807.0,11847.63,2024-07-14,4999.0,348,103474.34,8.73,Healthcare,India,0.0563,2.37,34.04
Shopping - SaaS,111661.0,3301.2,2024-04-04,3930.0,310,21226.88,6.43,SaaS,India,0.0352,0.84,10.65
Display - SaaS,14078.0,1724.38,2024-04-15,763.0,57,16289.72,9.45,SaaS,Australia,0.0542,2.26,30.25
Search - Fintech,167932.0,16523.82,2024-09-06,6717.0,247,38475.06,2.33,Fintech,USA,0.04,2.46,66.9
Search - Fintech,124273.0,5584.65,2024-01-12,3603.0,167,20460.25,3.66,Fintech,India,0.029,1.55,33.44
Shopping - SaaS,10704.0,836.19,2024-07-10,489.0,36,5339.04,6.38,SaaS,UK,0.0457,1.71,23.23
search - fintech,68449.0,7818.3,2024-04-11,3285.0,243,60681.21,7.76,Fintech,Germany,0.048,2.38,32.17
Search - SaaS,51819.0,7191.36,2024-10-26,2497.0,138,37600.62,5.23,SaaS,UAE,0.0482,2.88,52.11
Video - Fintech,173722.0,5884.34,2024-11-19,3821.0,201,44895.5,7.63,Fintech,Australia,0.022,1.54,29.28
Shopping - SaaS,119014.0,17101.44,2024-12-15,5938.0,95,23773.95,1.39,SaaS,USA,0.0499,2.88,180.02
Search - SaaS,159741.0,9409.16,2024-05-20,6868.0,336,33272.11,3.54,SaaS,Australia,0.043,1.37,28.0
Shopping - Fintech,167982.0,20309.52,2024-02-29,7693.0,193,10777.69,0.53,Fintech,Germany,0.0458,2.64,105.23
video - fintech,,,2024-06-08,,112,25060.16,2.64,Fintech,Germany,0.0292,3.37,84.91
Search - EdTech,41378.0,2488.29,2024-01-05,2023.0,73,9343.63,3.76,EdTech,UK,0.0489,1.23,34.09
Video - SaaS,188202.0,8267.35,2024-05-09,7189.0,376,88923.49,10.76,SaaS,Canada,0.0382,1.15,21.99
Video - Fintech,184316.0,4254.64,2024-01-25,4091.0,309,82363.46,19.36,Fintech,USA,0.0222,1.04,13.77
Video - Healthcare,65545.0,5938.35,2024-09-10,3355.0,196,57936.29,9.76,Healthcare,Canada,0.0512,1.77,30.3
Video - Healthcare,33141.0,2625.42,2024-06-04,798.0,42,7236.65,2.76,Healthcare,USA,0.0241,3.29,62.51
Search - SaaS,142244.0,14706.3,2024-02-17,4935.0,127,34307.21,2.33,SaaS,Germany,0.0347,2.98,115.8
Video - Fintech,193978.0,9999.4,2024-01-28,5780.0,177,42071.17,4.21,Fintech,Australia,0.0298,1.73,56.49
Display - E-commerce,129447.0,11637.0,2024-05-01,4310.0,211,16618.47,1.43,E-commerce,UAE,0.0333,2.7,55.15
Shopping - Fintech,28387.0,2231.04,2024-01-22,672.0,41,7232.57,3.24,Fintech,USA,0.0237,3.32,54.42
Video - SaaS,170268.0,24859.38,2024-01-10,7917.0,98,22672.12,0.91,SaaS,UK,0.0465,3.14,253.67
Display - Healthcare,122322.0,7566.96,2024-01-20,6152.0,155,10417.89,1.38,Healthcare,USA,0.0503,1.23,48.82
Video - E-commerce,104134.0,12466.38,2024-05-25,3603.0,234,14496.48,1.16,E-commerce,Australia,0.0346,3.46,53.28
Display - SaaS,12896.0,524.3,2024-04-15,535.0,20,2475.65,4.72,SaaS,India,0.0415,0.98,26.21
Video - Fintech,42823.0,4716.36,2024-02-18,1588.0,33,3266.45,0.69,Fintech,Australia,0.0371,2.97,142.92
shopping - fintech,136354.0,4333.76,2024-09-15,3736.0,152,29811.83,6.88,Fintech,UAE,0.0274,1.16,28.51
Shopping - E-commerce,115454.0,17778.42,2024-10-28,7227.0,154,5144.22,0.29,E-commerce,Germany,0.0626,2.46,115.44
Search - EdTech,176790.0,6690.1,2024-12-15,4490.0,250,74442.63,11.13,EdTech,Canada,0.0254,1.49,26.76
Shopping - Fintech,60077.0,6201.34,2024-10-29,1994.0,28,7635.29,1.23,Fintech,Germany,0.0332,3.11,221.48
Search - Healthcare,185488.0,5490.5,2024-10-12,3950.0,289,75172.15,13.69,Healthcare,Germany,0.0213,1.39,19.0
Search - E-commerce,96170.0,10907.4,2024-11-19,5145.0,268,72622.99,6.66,E-commerce,UAE,0.0535,2.12,40.7
Display - E-commerce,39542.0,2236.65,2024-03-22,1209.0,42,7992.11,3.57,E-commerce,Australia,0.0306,1.85,53.25
Display - Fintech,110848.0,7793.45,2024-07-19,3181.0,186,32321.78,4.15,Fintech,India,0.0287,2.45,41.9
Shopping - EdTech,73803.0,3190.6,2024-01-07,1505.0,98,18709.86,5.86,EdTech,UAE,0.0204,2.12,32.56
Shopping - Healthcare,96575.0,11820.0,2024-06-24,4925.0,181,7335.74,0.62,Healthcare,UK,0.051,2.4,65.3
Shopping - Fintech,162489.0,13635.0,2024-02-20,4500.0,184,54944.54,4.03,Fintech,UK,0.0277,3.03,74.1
video - e-commerce,13605.0,624.0,2024-09-16,300.0,21,4495.51,7.2,E-commerce,UK,0.0221,2.08,29.71
display - saas,,,2024-05-23,,74,13873.48,1.23,SaaS,Germany,0.0554,1.75,152.01
Search - E-commerce,94081.0,15031.72,2024-08-28,5588.0,88,24757.88,1.65,E-commerce,Australia,0.0594,2.69,170.81
Search - EdTech,72055.0,5319.26,2024-12-20,1678.0,41,8506.9,1.6,EdTech,USA,0.0233,3.17,129.74
Video - Fintech,31672.0,631.44,2024-11-08,877.0,16,2266.94,3.59,Fintech,UAE,0.0277,0.72,39.47
Search - SaaS,119397.0,6962.4,2024-06-23,3868.0,193,35393.3,5.08,SaaS,Canada,0.0324,1.8,36.07
Shopping - Fintech,78402.0,12460.25,2024-02-17,4531.0,105,25620.07,2.06,Fintech,Germany,0.0578,2.75,118.67
display - healthcare,54976.0,3446.52,2024-06-17,2611.0,187,8230.48,2.39,Healthcare,India,0.0475,1.32,18.43
Shopping - Fintech,162636.0,13024.17,2024-08-26,9237.0,738,102989.98,7.91,Fintech,Australia,0.0568,1.41,17.65
Display - Healthcare,23375.0,1668.5,2024-05-28,1175.0,15,1524.57,0.91,Healthcare,India,0.0503,1.42,111.23
Search - E-commerce,71216.0,7471.69,2024-09-07,2357.0,179,29354.19,3.93,E-commerce,USA,0.0331,3.17,41.74
video - edtech,,,2024-12-04,,90,26198.96,6.41,EdTech,Germany,0.0636,2.17,45.4
search - healthcare,,,2024-12-01,,214,24710.24,4.16,Healthcare,Canada,0.0292,1.49,27.74
shopping - saas,,,2024-03-05,,11,1542.21,2.26,SaaS,UAE,0.0265,3.38,62.07
Shopping - E-commerce,70618.0,8030.23,2024-06-12,3601.0,145,7976.29,0.99,E-commerce,USA,0.051,2.23,55.38
Shopping - E-commerce,10039.0,1147.29,2024-03-09,501.0,36,4805.52,4.19,E-commerce,USA,0.05,2.29,31.87
shopping - healthcare,,,2024-11-05,,21,4396.12,3.56,Healthcare,Canada,0.0257,1.31,58.83
Shopping - Fintech,32518.0,3031.78,2024-11-08,1258.0,12,2688.72,0.89,Fintech,India,0.0387,2.41,252.65
Video - EdTech,20534.0,2849.91,2024-05-16,993.0,49,1762.93,0.62,EdTech,Canada,0.0484,2.87,58.16
Video - Healthcare,123696.0,16849.98,2024-05-26,6531.0,466,62974.93,3.74,Healthcare,Canada,0.0528,2.58,36.16
Display - EdTech,92923.0,6124.44,2024-02-29,1932.0,32,1855.78,0.3,EdTech,Canada,0.0208,3.17,191.39
Shopping - E-commerce,170732.0,6237.0,2024-11-09,7700.0,434,53677.08,8.61,E-commerce,UK,0.0451,0.81,14.37
Display - E-commerce,86471.0,7628.63,2024-10-03,4859.0,248,19852.56,2.6,E-commerce,Australia,0.0562,1.57,30.76
Shopping - SaaS,70206.0,14202.0,2024-12-21,3945.0,248,37055.99,2.61,SaaS,USA,0.0562,3.6,57.27
Display - Fintech,37101.0,6389.7,2024-02-19,2166.0,45,3868.37,0.61,Fintech,Germany,0.0584,2.95,141.99
Search - SaaS,70982.0,7338.24,2024-07-26,2548.0,117,32045.18,4.37,SaaS,UAE,0.0359,2.88,62.72
Search - Healthcare,108751.0,7806.37,2024-02-27,5459.0,345,24740.95,3.17,Healthcare,USA,0.0502,1.43,22.63
Shopping - Fintech,161904.0,7752.28,2024-07-18,4727.0,263,21545.93,2.78,Fintech,India,0.0292,1.64,29.48
Display - Healthcare,49757.0,3903.02,2024-08-31,1243.0,39,4749.9,1.22,Healthcare,Canada,0.025,3.14,100.08
Video - EdTech,168623.0,9792.32,2024-07-28,6896.0,200,24436.96,2.5,EdTech,USA,0.0409,1.42,48.96
Search - EdTech,11305.0,966.64,2024-06-23,562.0,42,8107.06,8.39,EdTech,UK,0.0498,1.72,23.02
Video - Healthcare,81996.0,3513.64,2024-12-14,1508.0,75,8251.24,2.35,Healthcare,India,0.0184,2.33,46.85
display - saas,79960.0,1638.73,2024-11-30,1591.0,55,15206.45,9.28,SaaS,UAE,0.0199,1.03,29.8
Video - EdTech,119527.0,20450.7,2024-12-11,6597.0,497,137884.47,6.74,EdTech,India,0.0552,3.1,41.15
Video - Healthcare,176541.0,12564.86,2024-10-17,4378.0,175,19637.27,1.56,Healthcare,India,0.0248,2.87,71.8
Display - Fintech,118710.0,10009.28,2024-06-23,4036.0,235,28657.57,2.86,Fintech,UAE,0.034,2.48,42.59
search - fintech,,,2024-07-05,,5,872.75,1.07,Fintech,UK,0.052,2.29,163.51
Display - SaaS,188419.0,21996.65,2024-06-28,10231.0,754,134062.71,6.09,SaaS,Australia,0.0543,2.15,29.17
Video - Fintech,93302.0,3286.98,2024-03-10,4058.0,50,14861.71,4.52,Fintech,India,0.0435,0.81,65.74
Search - SaaS,140747.0,27855.75,2024-05-14,8571.0,332,48279.89,1.73,SaaS,Australia,0.0609,3.25,83.9
Search - Healthcare,36831.0,5423.4,2024-04-16,1572.0,48,4165.73,0.77,Healthcare,Australia,0.0427,3.45,112.99
Shopping - SaaS,118985.0,14680.35,2024-03-29,4545.0,259,58417.12,3.98,SaaS,UK,0.0382,3.23,56.68
Display - EdTech,85077.0,11450.88,2024-01-22,4032.0,253,13168.69,1.15,EdTech,UAE,0.0474,2.84,45.26
Video - EdTech,192135.0,18980.14,2024-04-13,10663.0,741,213823.36,11.27,EdTech,Australia,0.0555,1.78,25.61
Shopping - Fintech,39754.0,4676.31,2024-02-15,2007.0,108,6981.98,1.49,Fintech,Germany,0.0505,2.33,43.3
Shopping - SaaS,159226.0,5049.82,2024-08-27,5206.0,137,27701.27,5.49,SaaS,UK,0.0327,0.97,36.86
Search - E-commerce,88384.0,4442.02,2024-05-17,3641.0,89,4077.32,0.92,E-commerce,UK,0.0412,1.22,49.91
Video - SaaS,16781.0,889.2,2024-01-29,684.0,8,1435.11,1.61,SaaS,Germany,0.0408,1.3,111.15
Search - EdTech,100386.0,5145.0,2024-02-25,5250.0,254,73673.45,14.32,EdTech,Canada,0.0523,0.98,20.26
Search - Healthcare,50203.0,2710.5,2024-01-25,1390.0,47,11338.98,4.18,Healthcare,UAE,0.0277,1.95,57.67
Shopping - Healthcare,33756.0,4665.5,2024-08-19,2150.0,108,7948.11,1.7,Healthcare,UK,0.0637,2.17,43.2
Search - EdTech,142844.0,5020.99,2024-09-02,2971.0,95,5534.94,1.1,EdTech,UAE,0.0208,1.69,52.85
Search - Fintech,50201.0,4945.5,2024-05-31,2198.0,112,12918.19,2.61,Fintech,USA,0.0438,2.25,44.16
video - fintech,198604.0,25302.2,2024-11-03,8162.0,584,25281.15,1.0,Fintech,USA,0.0411,3.1,43.33
Search - Healthcare,114028.0,4232.32,2024-04-08,3112.0,120,10393.96,2.46,Healthcare,Canada,0.0273,1.36,35.27
search - fintech,,,2024-06-24,,331,17255.28,1.49,Fintech,UK,0.0543,1.81,34.93
Display - Fintech,126635.0,5657.82,2024-02-19,4254.0,313,28110.42,4.97,Fintech,Australia,0.0336,1.33,18.08
Video - EdTech,159721.0,6923.75,2024-12-14,3625.0,150,39701.58,5.73,EdTech,India,0.0227,1.91,46.16
Shopping - E-commerce,76792.0,10282.7,2024-01-18,3317.0,262,42043.84,4.09,E-commerce,UAE,0.0432,3.1,39.25
Shopping - E-commerce,49462.0,2351.7,2024-08-28,1206.0,74,12950.09,5.51,E-commerce,India,0.0244,1.95,31.78
Display - E-commerce,32160.0,1589.24,2024-03-14,1186.0,12,1927.71,1.21,E-commerce,Canada,0.0369,1.34,132.44
Search - EdTech,58364.0,4975.02,2024-09-29,2241.0,136,15149.72,3.05,EdTech,USA,0.0384,2.22,36.58
Shopping - EdTech,182926.0,13093.06,2024-04-27,6749.0,343,53279.93,4.07,EdTech,UAE,0.0369,1.94,38.17
Video - Fintech,143561.0,17647.92,2024-09-24,9144.0,630,123364.05,6.99,Fintech,Australia,0.0637,1.93,28.01
Shopping - Fintech,94242.0,9128.22,2024-03-24,5466.0,100,6794.77,0.74,Fintech,India,0.058,1.67,91.28
Display - Healthcare,111311.0,15623.15,2024-09-23,5765.0,389,22317.92,1.43,Healthcare,UAE,0.0518,2.71,40.16
Video - Healthcare,65282.0,3290.93,2024-03-30,1723.0,64,16624.45,5.05,Healthcare,Canada,0.0264,1.91,51.42
Video - EdTech,48790.0,3671.2,2024-02-01,2824.0,178,37847.71,10.31,EdTech,USA,0.0579,1.3,20.62
shopping - edtech,163272.0,12378.73,2024-07-16,5551.0,135,38753.89,3.13,EdTech,UAE,0.034,2.23,91.69
Video - EdTech,149233.0,3686.0,2024-11-04,3686.0,250,16524.46,4.48,EdTech,Australia,0.0247,1.0,14.74
Display - Fintech,20198.0,2353.04,2024-01-04,878.0,67,5967.58,2.54,Fintech,UK,0.0435,2.68,35.12
Search - EdTech,32675.0,1025.69,2024-09-11,941.0,47,12632.32,12.32,EdTech,UAE,0.0288,1.09,21.82
Search - EdTech,116560.0,12030.48,2024-02-28,4312.0,198,51746.42,4.3,EdTech,USA,0.037,2.79,60.76
Shopping - EdTech,65186.0,4418.3,2024-08-01,1955.0,89,13375.79,3.03,EdTech,UAE,0.03,2.26,49.64
Search - Healthcare,8880.0,444.96,2024-03-10,216.0,6,1186.19,2.67,Healthcare,UK,0.0244,2.06,74.16
Shopping - EdTech,156388.0,11514.44,2024-11-30,7021.0,315,34670.52,3.01,EdTech,USA,0.0449,1.64,36.55
Video - EdTech,109672.0,6821.25,2024-03-27,2675.0,50,11521.03,1.69,EdTech,UK,0.0244,2.55,136.43
Display - Fintech,117036.0,7601.97,2024-05-23,3569.0,178,11935.14,1.57,Fintech,USA,0.0305,2.13,42.71
Display - EdTech,83972.0,14218.7,2024-06-30,4903.0,341,36574.45,2.57,EdTech,USA,0.0584,2.9,41.7
Shopping - EdTech,63959.0,4591.92,2024-08-04,2014.0,150,37769.59,8.23,EdTech,USA,0.0315,2.28,30.61
Search - SaaS,6044.0,164.98,2024-03-06,146.0,5,611.36,3.71,SaaS,India,0.0242,1.13,33.0
Shopping - Fintech,90945.0,10983.74,2024-04-08,3637.0,145,21488.5,1.96,Fintech,USA,0.04,3.02,75.75
Search - SaaS,73681.0,7888.89,2024-02-01,4457.0,95,11815.26,1.5,SaaS,UK,0.0605,1.77,83.04
display - healthcare,,,2024-12-14,,444,122723.09,4.68,Healthcare,Australia,0.045,2.98,59.06
Shopping - E-commerce,46846.0,7334.88,2024-07-14,2183.0,46,5098.84,0.7,E-commerce,USA,0.0466,3.36,159.45
Shopping - Healthcare,183428.0,9598.39,2024-07-03,4549.0,135,6604.0,0.69,Healthcare,Canada,0.0248,2.11,71.1
Shopping - EdTech,173913.0,20275.6,2024-05-09,5860.0,111,20779.66,1.02,EdTech,Australia,0.0337,3.46,182.66
Video - SaaS,190541.0,20673.59,2024-05-05,9527.0,157,5416.71,0.26,SaaS,USA,0.05,2.17,131.68
Display - Fintech,47879.0,3515.94,2024-03-23,1149.0,25,3124.11,0.89,Fintech,India,0.024,3.06,140.64
Search - Fintech,59943.0,7116.27,2024-07-10,2163.0,114,4800.81,0.67,Fintech,UK,0.0361,3.29,62.42
video - edtech,154805.0,9153.6,2024-09-04,9535.0,525,18155.37,1.98,EdTech,UK,0.0616,0.96,17.44
Display - Fintech,146779.0,11142.18,2024-11-04,5019.0,349,91145.36,8.18,Fintech,Germany,0.0342,2.22,31.93
Shopping - EdTech,133588.0,10995.6,2024-06-26,6545.0,241,34421.71,3.13,EdTech,USA,0.049,1.68,45.62
Video - Fintech,82462.0,8223.6,2024-01-29,3916.0,199,48785.37,5.93,Fintech,UK,0.0475,2.1,41.32
Display - E-commerce,55248.0,4279.6,2024-01-18,1646.0,43,12311.15,2.88,E-commerce,Australia,0.0298,2.6,99.53
Display - Healthcare,90374.0,2278.53,2024-08-09,2349.0,69,5506.03,2.42,Healthcare,UAE,0.026,0.97,33.02
Display - SaaS,124774.0,4212.01,2024-11-10,3481.0,113,4447.19,1.06,SaaS,Australia,0.0279,1.21,37.27
Search - SaaS,109263.0,2489.52,2024-08-14,2829.0,129,14321.34,5.75,SaaS,USA,0.0259,0.88,19.3
Video - Fintech,105814.0,17091.54,2024-06-13,6126.0,289,45447.24,2.66,Fintech,UAE,0.0579,2.79,59.14
search - saas,,,2024-01-15,,39,7135.44,1.61,SaaS,Canada,0.0376,2.73,113.4
Display - EdTech,150778.0,4149.15,2024-11-21,2985.0,59,16435.61,3.96,EdTech,India,0.0198,1.39,70.32
Video - EdTech,113500.0,9885.2,2024-07-17,7604.0,340,21520.64,2.18,EdTech,Germany,0.067,1.3,29.07
Video - EdTech,117333.0,11389.14,2024-05-02,2898.0,48,5367.73,0.47,EdTech,UAE,0.0247,3.93,237.27
Display - Healthcare,168384.0,12030.17,2024-09-20,4681.0,267,58628.48,4.87,Healthcare,USA,0.0278,2.57,45.06
Display - Fintech,106026.0,8861.44,2024-08-22,5152.0,240,50663.13,5.72,Fintech,Australia,0.0486,1.72,36.92
Search - E-commerce,107364.0,12971.75,2024-04-22,4895.0,200,42108.23,3.25,E-commerce,Germany,0.0456,2.65,64.86
Video - EdTech,132152.0,8632.08,2024-06-25,7572.0,552,115644.47,13.4,EdTech,UK,0.0573,1.14,15.64
Shopping - Fintech,116695.0,18150.87,2024-07-14,5799.0,372,56034.95,3.09,Fintech,Australia,0.0497,3.13,48.79
Video - E-commerce,117223.0,16028.7,2024-06-24,7935.0,166,47449.87,2.96,E-commerce,Australia,0.0677,2.02,96.56
Video - EdTech,9134.0,316.92,2024-11-29,228.0,2,329.55,1.04,EdTech,Canada,0.025,1.39,158.46
Display - SaaS,178567.0,11137.42,2024-06-19,8374.0,98,8808.29,0.79,SaaS,Germany,0.0469,1.33,113.65
Search - Healthcare,155840.0,5113.92,2024-12-24,4566.0,312,40138.5,7.85,Healthcare,Australia,0.0293,1.12,16.39
Search - EdTech,93720.0,4523.7,2024-11-04,2661.0,104,18904.07,4.18,EdTech,UAE,0.0284,1.7,43.5
Display - EdTech,169909.0,19452.5,2024-05-28,7781.0,124,26123.28,1.34,EdTech,USA,0.0458,2.5,156.88
Search - SaaS,106975.0,10277.0,2024-12-26,4300.0,335,35904.36,3.49,SaaS,India,0.0402,2.39,30.68
Shopping - SaaS,10574.0,1007.51,2024-02-08,389.0,6,908.68,0.9,SaaS,UK,0.0368,2.59,167.92
search - e-commerce,49484.0,2291.9,2024-10-18,1118.0,79,18417.53,8.04,E-commerce,India,0.0226,2.05,29.01
Search - Healthcare,18877.0,1744.0,2024-07-04,545.0,26,5981.0,3.43,Healthcare,USA,0.0289,3.2,67.08
Search - E-commerce,65107.0,2896.51,2024-05-25,1777.0,128,29612.56,10.22,E-commerce,India,0.0273,1.63,22.63
Shopping - SaaS,69839.0,2041.2,2024-03-02,1620.0,80,22785.52,11.16,SaaS,India,0.0232,1.26,25.52
Video - SaaS,104794.0,21667.2,2024-02-27,5920.0,359,21837.83,1.01,SaaS,USA,0.0565,3.66,60.35
Video - SaaS,133027.0,9838.08,2024-02-17,7808.0,153,22193.12,2.26,SaaS,Germany,0.0587,1.26,64.3
Video - Healthcare,102648.0,5941.5,2024-05-24,2330.0,157,28653.63,4.82,Healthcare,Canada,0.0227,2.55,37.84
Display - E-commerce,181687.0,26127.94,2024-01-20,8321.0,651,189283.47,7.24,E-commerce,Canada,0.0458,3.14,40.14
Display - SaaS,166792.0,19123.65,2024-07-22,6071.0,323,23590.83,1.23,SaaS,UK,0.0364,3.15,59.21
Display - E-commerce,94506.0,5099.64,2024-03-17,3269.0,193,7342.38,1.44,E-commerce,Germany,0.0346,1.56,26.42
Display - EdTech,12086.0,1461.24,2024-05-17,594.0,21,3418.15,2.34,EdTech,Canada,0.0492,2.46,69.58
Display - E-commerce,92502.0,6097.6,2024-11-13,2960.0,201,47885.36,7.85,E-commerce,UAE,0.032,2.06,30.34
Display - EdTech,133792.0,16316.05,2024-11-23,6943.0,186,17630.23,1.08,EdTech,USA,0.0519,2.35,87.72
Display - EdTech,77258.0,7133.4,2024-12-26,3963.0,135,34518.13,4.84,EdTech,UK,0.0513,1.8,52.84
Display - EdTech,74672.0,4157.4,2024-05-10,2665.0,129,32318.91,7.77,EdTech,UAE,0.0357,1.56,32.23
shopping - healthcare,,,2024-12-05,,144,23257.77,1.38,Healthcare,Australia,0.0442,2.84,117.29
Shopping - EdTech,49225.0,4355.28,2024-09-25,2367.0,137,8811.53,2.02,EdTech,Australia,0.0481,1.84,31.79
video - healthcare,,,2024-07-28,,310,83080.36,3.45,Healthcare,India,0.0658,2.11,77.78
Shopping - Fintech,116451.0,11485.32,2024-03-18,3388.0,188,28791.61,2.51,Fintech,India,0.0291,3.39,61.09
Search - E-commerce,188276.0,27966.96,2024-02-13,11277.0,554,89376.47,3.2,E-commerce,Germany,0.0599,2.48,50.48
Shopping - E-commerce,161089.0,13734.0,2024-09-26,6540.0,285,49746.79,3.62,E-commerce,Canada,0.0406,2.1,48.19
Shopping - Healthcare,85618.0,2464.68,2024-09-13,2679.0,74,6024.46,2.44,Healthcare,USA,0.0313,0.92,33.31
Search - E-commerce,180746.0,6430.72,2024-08-21,5024.0,64,17709.21,2.75,E-commerce,UK,0.0278,1.28,100.48
Search - E-commerce,86678.0,3129.1,2024-03-01,2158.0,163,27708.88,8.86,E-commerce,Germany,0.0249,1.45,19.2
Display - EdTech,70226.0,8719.92,2024-11-03,4037.0,240,68153.47,7.82,EdTech,Canada,0.0575,2.16,36.33
Search - Fintech,124119.0,16360.8,2024-12-01,6416.0,358,48445.72,2.96,Fintech,Germany,0.0517,2.55,45.7
Shopping - Healthcare,126292.0,7695.85,2024-05-16,5165.0,110,14074.18,1.83,Healthcare,UAE,0.0409,1.49,69.96
video - e-commerce,189935.0,15139.89,2024-02-23,10161.0,615,31748.86,2.1,E-commerce,Canada,0.0535,1.49,24.62
Display - EdTech,103066.0,5926.2,2024-04-16,2380.0,121,20395.26,3.44,EdTech,UAE,0.0231,2.49,48.98
Display - E-commerce,129121.0,12526.08,2024-04-24,4893.0,137,7241.16,0.58,E-commerce,Canada,0.0379,2.56,91.43
Video - Fintech,173102.0,15007.6,2024-03-25,4414.0,341,52487.34,3.5,Fintech,USA,0.0255,3.4,44.01
shopping - edtech,,,2024-03-27,,393,82224.93,8.99,EdTech,Canada,0.0455,1.43,23.28
search - healthcare,48351.0,6812.96,2024-01-11,2156.0,83,7504.87,1.1,Healthcare,Germany,0.0446,3.16,82.08
Video - Fintech,128962.0,9904.95,2024-05-15,7337.0,226,26098.81,2.63,Fintech,UAE,0.0569,1.35,43.83
Video - Fintech,154666.0,7601.92,2024-08-15,5939.0,366,24965.13,3.28,Fintech,Australia,0.0384,1.28,20.77
Display - Fintech,24464.0,572.32,2024-08-10,511.0,20,5921.83,10.35,Fintech,Australia,0.0209,1.12,28.62
Shopping - E-commerce,161926.0,17844.96,2024-08-20,5424.0,87,11807.21,0.66,E-commerce,Germany,0.0335,3.29,205.11
Shopping - SaaS,88251.0,3437.85,2024-12-12,2665.0,151,17509.21,5.09,SaaS,Canada,0.0302,1.29,22.77
Video - EdTech,185378.0,5904.08,2024-10-12,3244.0,246,67552.8,11.44,EdTech,Germany,0.0175,1.82,24.0
search - edtech,71267.0,3684.66,2024-05-13,3962.0,287,50107.59,13.6,EdTech,USA,0.0556,0.93,12.84
Display - EdTech,14884.0,1758.25,2024-11-06,541.0,43,4123.58,2.35,EdTech,India,0.0364,3.25,40.89
Shopping - Healthcare,167717.0,7165.66,2024-02-10,4142.0,71,15937.54,2.22,Healthcare,Australia,0.0247,1.73,100.92
Display - Fintech,118884.0,17499.4,2024-09-05,5932.0,450,121374.91,6.94,Fintech,UK,0.0499,2.95,38.89
Search - Healthcare,84303.0,13781.04,2024-04-04,4417.0,100,20354.89,1.48,Healthcare,Australia,0.0524,3.12,137.81
Video - EdTech,89730.0,12384.28,2024-01-04,4621.0,277,13483.54,1.09,EdTech,Germany,0.0515,2.68,44.71
Search - SaaS,174737.0,7498.08,2024-11-30,5207.0,398,90351.24,12.05,SaaS,UK,0.0298,1.44,18.84
shopping - healthcare,145508.0,10307.52,2024-09-10,7158.0,566,76404.29,7.41,Healthcare,Germany,0.0492,1.44,18.21
Shopping - EdTech,75649.0,4981.76,2024-04-24,1792.0,110,12588.99,2.53,EdTech,Australia,0.0237,2.78,45.29
Video - E-commerce,134198.0,8410.5,2024-03-21,2670.0,71,14769.75,1.76,E-commerce,USA,0.0199,3.15,118.46
Shopping - E-commerce,55385.0,2416.32,2024-10-19,1678.0,64,18110.48,7.5,E-commerce,UK,0.0303,1.44,37.76
Search - SaaS,21702.0,3170.0,2024-01-01,1000.0,17,3670.88,1.16,SaaS,India,0.0461,3.17,186.47
Display - Fintech,64567.0,3295.31,2024-05-19,1439.0,64,4231.38,1.28,Fintech,UK,0.0223,2.29,51.49
Search - Fintech,51566.0,2128.09,2024-03-03,1531.0,112,6716.48,3.16,Fintech,UK,0.0297,1.39,19.0
Search - Healthcare,184889.0,13480.04,2024-06-18,6212.0,73,2434.91,0.18,Healthcare,UAE,0.0336,2.17,184.66
Shopping - Fintech,155033.0,12546.94,2024-03-12,5782.0,248,71470.23,5.7,Fintech,Australia,0.0373,2.17,50.59
Shopping - EdTech,175623.0,9198.51,2024-08-15,9483.0,268,79311.56,8.62,EdTech,India,0.054,0.97,34.32
Search - SaaS,93919.0,12668.4,2024-07-25,4968.0,308,66254.75,5.23,SaaS,Australia,0.0529,2.55,41.13
Video - Healthcare,105804.0,3016.7,2024-04-17,3110.0,200,49067.29,16.27,Healthcare,UK,0.0294,0.97,15.08
Shopping - E-commerce,9791.0,2050.05,2024-04-14,519.0,40,2255.24,1.1,E-commerce,India,0.0531,3.95,51.25
Search - Healthcare,34802.0,4953.2,2024-02-29,1708.0,72,6827.25,1.38,Healthcare,USA,0.0491,2.9,68.79
Shopping - E-commerce,101299.0,6307.2,2024-09-06,3504.0,250,36776.35,5.83,E-commerce,Germany,0.0346,1.8,25.23
Video - SaaS,113368.0,6890.6,2024-06-04,5260.0,168,8983.58,1.3,SaaS,Canada,0.0464,1.31,41.02
Display - E-commerce,89263.0,6540.15,2024-06-18,3695.0,155,19291.23,2.95,E-commerce,Germany,0.0414,1.77,42.19
Search - Fintech,25927.0,1516.01,2024-09-12,1501.0,44,4091.03,2.7,Fintech,UK,0.0579,1.01,34.45
Shopping - SaaS,31783.0,905.96,2024-01-16,781.0,49,4886.84,5.39,SaaS,UAE,0.0246,1.16,18.49
Shopping - Fintech,31325.0,1818.96,2024-01-24,858.0,43,2004.67,1.1,Fintech,Australia,0.0274,2.12,42.3
Display - SaaS,114599.0,4928.04,2024-04-30,2028.0,29,5366.72,1.09,SaaS,India,0.0177,2.43,169.93
Video - SaaS,157890.0,31017.48,2024-07-21,9204.0,321,10260.33,0.33,SaaS,Canada,0.0583,3.37,96.63
Search - EdTech,161215.0,13501.96,2024-04-04,5948.0,439,105685.25,7.83,EdTech,Germany,0.0369,2.27,30.76
video - saas,,,2024-06-28,,458,110383.15,9.76,SaaS,India,0.0549,1.74,24.69
Search - EdTech,138438.0,16758.36,2024-09-28,4734.0,191,38220.88,2.28,EdTech,Australia,0.0342,3.54,87.74
Search - E-commerce,34764.0,1038.33,2024-11-10,1251.0,83,3361.16,3.24,E-commerce,Germany,0.036,0.83,12.51
Search - SaaS,32898.0,2039.31,2024-04-25,1743.0,130,31968.71,15.68,SaaS,Australia,0.053,1.17,15.69
Shopping - Fintech,29016.0,2241.28,2024-02-11,1088.0,56,9936.27,4.43,Fintech,UAE,0.0375,2.06,40.02
Shopping - SaaS,134157.0,8210.87,2024-05-05,3407.0,147,41434.67,5.05,SaaS,Germany,0.0254,2.41,55.86
Display - Fintech,161434.0,4872.56,2024-03-26,6328.0,263,25426.86,5.22,Fintech,India,0.0392,0.77,18.53
Video - SaaS,108187.0,6469.41,2024-05-13,2423.0,179,29012.87,4.48,SaaS,Canada,0.0224,2.67,36.14
Shopping - E-commerce,78551.0,8149.18,2024-11-21,2411.0,92,8262.09,1.01,E-commerce,Australia,0.0307,3.38,88.58
Shopping - SaaS,144535.0,23522.8,2024-12-07,7588.0,445,105358.98,4.48,SaaS,Canada,0.0525,3.1,52.86
Display - Fintech,71151.0,14108.64,2024-08-05,4368.0,202,51341.85,3.64,Fintech,Canada,0.0614,3.23,69.84
Display - E-commerce,164028.0,5905.0,2024-12-21,5905.0,377,25718.59,4.36,E-commerce,UAE,0.036,1.0,15.66
Video - EdTech,92340.0,4903.92,2024-03-09,2502.0,153,27593.24,5.63,EdTech,Australia,0.0271,1.96,32.05
Search - EdTech,106311.0,5301.04,2024-12-24,5762.0,434,55571.88,10.48,EdTech,Australia,0.0542,0.92,12.21
Shopping - Healthcare,185903.0,13755.12,2024-03-06,4647.0,342,58276.63,4.24,Healthcare,UK,0.025,2.96,40.22
Search - SaaS,137290.0,7817.16,2024-02-04,5011.0,323,28440.57,3.64,SaaS,USA,0.0365,1.56,24.2
Video - EdTech,109216.0,17677.62,2024-12-21,5777.0,140,11237.04,0.64,EdTech,Australia,0.0529,3.06,126.27
Shopping - Fintech,166215.0,6593.76,2024-03-03,9158.0,112,29121.09,4.42,Fintech,Canada,0.0551,0.72,58.87
Search - E-commerce,176066.0,8317.12,2024-07-19,5264.0,119,28182.41,3.39,E-commerce,UAE,0.0299,1.58,69.89
Search - Healthcare,59418.0,3293.4,2024-04-29,1996.0,80,3528.5,1.07,Healthcare,Canada,0.0336,1.65,41.17
Search - EdTech,143183.0,4974.24,2024-01-27,5784.0,432,88233.11,17.74,EdTech,UAE,0.0404,0.86,11.51
Shopping - SaaS,98899.0,6904.6,2024-08-02,2185.0,171,45859.64,6.64,SaaS,UAE,0.0221,3.16,40.38
Shopping - SaaS,34605.0,1423.84,2024-11-08,809.0,40,5146.88,3.61,SaaS,UK,0.0234,1.76,35.6
Shopping - Fintech,197589.0,7649.6,2024-09-05,4781.0,225,12329.91,1.61,Fintech,India,0.0242,1.6,34.0
Display - SaaS,88251.0,4891.3,2024-10-23,5965.0,133,14897.06,3.05,SaaS,UAE,0.0676,0.82,36.78
Display - Fintech,55406.0,5031.2,2024-01-15,2648.0,149,22127.3,4.4,Fintech,Canada,0.0478,1.9,33.77
Video - EdTech,73591.0,7496.67,2024-02-06,2649.0,161,45161.9,6.02,EdTech,UK,0.036,2.83,46.56
Video - Fintech,66477.0,7773.48,2024-02-25,2718.0,160,16856.48,2.17,Fintech,India,0.0409,2.86,48.58
Display - Fintech,78927.0,10150.4,2024-10-28,3172.0,62,7568.63,0.75,Fintech,Canada,0.0402,3.2,163.72
Display - SaaS,184857.0,8786.83,2024-12-10,3419.0,248,70137.51,7.98,SaaS,Canada,0.0185,2.57,35.43
Search - SaaS,108719.0,13462.4,2024-07-26,4207.0,121,21018.47,1.56,SaaS,Germany,0.0387,3.2,111.26
Video - E-commerce,193869.0,38453.32,2024-09-12,13124.0,264,67604.89,1.76,E-commerce,UK,0.0677,2.93,145.66
Search - EdTech,158535.0,8285.76,2024-07-28,3836.0,120,12930.51,1.56,EdTech,Australia,0.0242,2.16,69.05
Display - Fintech,184810.0,23234.64,2024-07-19,7447.0,334,51289.24,2.21,Fintech,USA,0.0403,3.12,69.56
Display - Healthcare,180365.0,21154.44,2024-10-26,6114.0,400,111623.05,5.28,Healthcare,Australia,0.0339,3.46,52.89
Display - Fintech,26352.0,2901.87,2024-05-12,1697.0,126,31980.19,11.02,Fintech,UAE,0.0644,1.71,23.03
Search - Healthcare,57979.0,3933.09,2024-01-23,2081.0,148,18788.47,4.78,Healthcare,India,0.0359,1.89,26.57
Video - Fintech,173769.0,19330.74,2024-10-12,6759.0,158,21350.44,1.1,Fintech,Australia,0.0389,2.86,122.35
Display - EdTech,72474.0,12508.42,2024-04-29,4022.0,142,38937.53,3.11,EdTech,Australia,0.0555,3.11,88.09
Search - SaaS,162786.0,10738.7,2024-06-02,7406.0,513,67523.57,6.29,SaaS,Germany,0.0455,1.45,20.93
video - healthcare,,,2024-09-23,,117,11886.29,0.73,Healthcare,USA,0.0423,2.88,139.42
Search - E-commerce,92185.0,6121.98,2024-01-25,3779.0,82,11861.33,1.94,E-commerce,Australia,0.041,1.62,74.66
search - edtech,151900.0,5849.7,2024-08-03,5270.0,291,47553.46,8.13,EdTech,USA,0.0347,1.11,20.1
Shopping - Fintech,126246.0,8616.15,2024-07-04,4203.0,290,31939.46,3.71,Fintech,Australia,0.0333,2.05,29.71
Search - Fintech,30835.0,1813.0,2024-02-15,925.0,14,3805.56,2.1,Fintech,Germany,0.03,1.96,129.5
Display - SaaS,143573.0,5662.62,2024-12-16,3474.0,131,11434.82,2.02,SaaS,Canada,0.0242,1.63,43.23
Video - EdTech,185523.0,8320.02,2024-03-24,6029.0,252,12404.91,1.49,EdTech,Canada,0.0325,1.38,33.02
Video - Healthcare,118005.0,9005.4,2024-12-24,5003.0,63,6740.12,0.75,Healthcare,Canada,0.0424,1.8,142.94
Video - SaaS,47176.0,1827.54,2024-09-06,1278.0,62,2278.75,1.25,SaaS,India,0.0271,1.43,29.48
Search - E-commerce,88323.0,9357.4,2024-06-25,3965.0,95,8337.4,0.89,E-commerce,UAE,0.0449,2.36,98.5
Video - Healthcare,24755.0,2011.28,2024-11-28,811.0,8,1786.84,0.89,Healthcare,Germany,0.0328,2.48,251.41
Video - E-commerce,99410.0,3481.85,2024-03-04,4195.0,196,56004.19,16.08,E-commerce,UAE,0.0422,0.83,17.76
Search - Healthcare,175381.0,3845.66,2024-01-16,4226.0,204,11471.83,2.98,Healthcare,UK,0.0241,0.91,18.85
Video - SaaS,174741.0,15469.93,2024-10-29,7129.0,326,58786.78,3.8,SaaS,UK,0.0408,2.17,47.45
Search - SaaS,187941.0,21675.99,2024-06-06,9303.0,528,92564.99,4.27,SaaS,UAE,0.0495,2.33,41.05
Video - Fintech,32476.0,1863.04,2024-01-07,1136.0,86,21754.11,11.68,Fintech,UAE,0.035,1.64,21.66
Display - Fintech,64739.0,5212.74,2024-01-31,1599.0,109,22723.24,4.36,Fintech,Canada,0.0247,3.26,47.82
Search - EdTech,51666.0,8657.8,2024-05-06,2965.0,80,16836.59,1.94,EdTech,UK,0.0574,2.92,108.22
Shopping - SaaS,50206.0,4845.98,2024-02-16,2399.0,163,5571.38,1.15,SaaS,UAE,0.0478,2.02,29.73
Video - Fintech,194099.0,11887.26,2024-10-08,4774.0,134,8446.21,0.71,Fintech,UAE,0.0246,2.49,88.71
Shopping - Fintech,55075.0,7212.16,2024-01-19,3056.0,156,5145.31,0.71,Fintech,UK,0.0555,2.36,46.23
shopping - edtech,,,2024-04-28,,49,7206.83,1.21,EdTech,India,0.05,1.45,121.06
Shopping - E-commerce,184030.0,12597.27,2024-06-24,5649.0,90,23192.98,1.84,E-commerce,Germany,0.0307,2.23,139.97
Video - Healthcare,164504.0,6876.54,2024-04-22,3322.0,96,10570.76,1.54,Healthcare,Canada,0.0202,2.07,71.63
Search - E-commerce,135011.0,6607.44,2024-07-29,3496.0,254,69461.44,10.51,E-commerce,Germany,0.0259,1.89,26.01
Display - Healthcare,24359.0,3418.74,2024-08-04,1461.0,35,4110.39,1.2,Healthcare,USA,0.06,2.34,97.68
Shopping - SaaS,165104.0,24590.22,2024-04-13,7958.0,105,29946.1,1.22,SaaS,Canada,0.0482,3.09,234.19
Video - Fintech,49109.0,3921.78,2024-01-17,1203.0,25,4734.61,1.21,Fintech,Canada,0.0245,3.26,156.87
Video - Fintech,33750.0,2693.1,2024-08-02,1410.0,106,5682.79,2.11,Fintech,Germany,0.0418,1.91,25.41
Display - SaaS,150465.0,16623.43,2024-03-23,5311.0,295,57602.12,3.47,SaaS,India,0.0353,3.13,56.35
Display - SaaS,41375.0,5170.0,2024-08-17,2350.0,148,14702.27,2.84,SaaS,Germany,0.0568,2.2,34.93
Video - Healthcare,131031.0,17910.48,2024-01-10,6092.0,482,116431.98,6.5,Healthcare,Australia,0.0465,2.94,37.16
Search - Fintech,143241.0,14693.98,2024-10-05,7133.0,272,60208.51,4.1,Fintech,Australia,0.0498,2.06,54.02
Search - Healthcare,91491.0,7052.22,2024-10-20,4053.0,140,19432.37,2.76,Healthcare,Germany,0.0443,1.74,50.37
Video - E-commerce,154741.0,6259.76,2024-12-04,6019.0,220,38586.7,6.16,E-commerce,UK,0.0389,1.04,28.45
Video - Fintech,194281.0,14765.0,2024-09-15,5906.0,371,20958.57,1.42,Fintech,USA,0.0304,2.5,39.8
Video - SaaS,132441.0,5091.24,2024-05-11,2436.0,135,8958.33,1.76,SaaS,UAE,0.0184,2.09,37.71
Search - Healthcare,50076.0,10077.6,2024-09-30,2964.0,94,28058.66,2.78,Healthcare,UAE,0.0592,3.4,107.21
search - saas,,,2024-10-30,,333,91782.77,12.51,SaaS,Australia,0.0269,1.51,22.02
Video - SaaS,135223.0,9920.7,2024-01-05,3285.0,201,46154.22,4.65,SaaS,India,0.0243,3.02,49.36
Video - Healthcare,76442.0,3922.88,2024-03-03,2392.0,160,14390.19,3.67,Healthcare,Germany,0.0313,1.64,24.52
Video - EdTech,57335.0,5139.75,2024-11-12,1869.0,133,11136.73,2.17,EdTech,Germany,0.0326,2.75,38.64
Shopping - Fintech,72902.0,16308.6,2024-04-30,4942.0,323,33499.38,2.05,Fintech,India,0.0678,3.3,50.49
Video - Fintech,15046.0,472.0,2024-02-17,400.0,4,142.71,0.3,Fintech,UAE,0.0266,1.18,118.0
Search - Healthcare,13083.0,1682.66,2024-02-21,707.0,41,10442.74,6.21,Healthcare,India,0.0541,2.38,41.04
search - edtech,,,2024-06-09,,145,17656.92,1.3,EdTech,Canada,0.0396,3.2,93.97
Search - Fintech,50111.0,6333.6,2024-05-31,2320.0,153,30016.66,4.74,Fintech,UAE,0.0463,2.73,41.4
Display - SaaS,65985.0,1184.9,2024-03-22,1445.0,63,4237.85,3.58,SaaS,Germany,0.0219,0.82,18.81
Video - SaaS,7802.0,805.8,2024-11-02,340.0,14,799.08,0.99,SaaS,Canada,0.0437,2.37,57.56
Search - EdTech,15960.0,1290.0,2024-10-22,750.0,40,6919.55,5.36,EdTech,USA,0.047,1.72,32.25
Display - E-commerce,64757.0,5685.68,2024-06-30,3976.0,58,4380.33,0.77,E-commerce,India,0.0614,1.43,98.03
Display - Healthcare,121832.0,8007.48,2024-12-08,6786.0,139,28929.72,3.61,Healthcare,UAE,0.0557,1.18,57.61
Video - E-commerce,88514.0,1384.6,2024-09-11,1610.0,77,22165.04,16.01,E-commerce,USA,0.0182,0.86,17.98
Video - SaaS,190890.0,8834.56,2024-07-27,7616.0,141,25751.07,2.91,SaaS,UAE,0.0399,1.16,62.66
Display - EdTech,146295.0,11573.54,2024-11-02,3394.0,195,49666.69,4.29,EdTech,UK,0.0232,3.41,59.35
Shopping - EdTech,18149.0,1487.16,2024-06-01,918.0,14,3557.93,2.39,EdTech,Australia,0.0506,1.62,106.23
Display - Healthcare,35346.0,3248.66,2024-06-29,1279.0,48,1649.56,0.51,Healthcare,USA,0.0362,2.54,67.68
Video - SaaS,177115.0,23214.5,2024-04-05,8005.0,460,108688.43,4.68,SaaS,Canada,0.0452,2.9,50.47
Shopping - E-commerce,104969.0,8197.66,2024-09-10,5773.0,142,24245.52,2.96,E-commerce,UAE,0.055,1.42,57.73
Video - E-commerce,33807.0,1638.21,2024-04-15,807.0,25,5072.77,3.1,E-commerce,Canada,0.0239,2.03,65.53
Search - EdTech,115282.0,18333.76,2024-11-17,4876.0,77,2427.15,0.13,EdTech,UK,0.0423,3.76,238.1
display - healthcare,45880.0,3211.38,2024-02-27,2817.0,62,2770.83,0.86,Healthcare,USA,0.0614,1.14,51.8
Video - SaaS,183448.0,16750.24,2024-03-11,8053.0,351,74979.38,4.48,SaaS,Canada,0.0439,2.08,47.72
Shopping - EdTech,158627.0,22248.0,2024-08-04,7725.0,299,66700.13,3.0,EdTech,UK,0.0487,2.88,74.41
Display - Healthcare,90550.0,10946.16,2024-08-07,3966.0,207,7960.57,0.73,Healthcare,India,0.0438,2.76,52.88
Shopping - EdTech,91150.0,15775.77,2024-09-07,4119.0,98,4547.95,0.29,EdTech,USA,0.0452,3.83,160.98
display - fintech,,,2024-04-20,,124,34560.39,3.57,Fintech,India,0.0258,2.38,78.16
Video - Fintech,28958.0,3888.85,2024-09-27,1355.0,49,13909.3,3.58,Fintech,India,0.0468,2.87,79.36
Video - EdTech,145119.0,14597.08,2024-08-28,9998.0,233,60859.85,4.17,EdTech,UAE,0.0689,1.46,62.65
Shopping - Healthcare,148041.0,27943.91,2024-12-30,8053.0,98,4146.07,0.15,Healthcare,Canada,0.0544,3.47,285.14
display - e-commerce,,,2024-09-25,,12,432.4,0.22,E-commerce,UK,0.0293,2.61,160.52
Display - EdTech,186465.0,21027.38,2024-01-21,8689.0,367,57833.06,2.75,EdTech,Australia,0.0466,2.42,57.3
Shopping - Fintech,136960.0,7642.44,2024-09-06,5382.0,230,39826.63,5.21,Fintech,Australia,0.0393,1.42,33.23
video - edtech,,,2024-04-21,,459,79715.61,10.58,EdTech,USA,0.0406,0.96,16.42
Search - Fintech,163349.0,21188.08,2024-02-07,7906.0,360,44353.83,2.09,Fintech,Germany,0.0484,2.68,58.86
Video - Healthcare,166957.0,6680.72,2024-08-31,5476.0,137,35345.21,5.29,Healthcare,USA,0.0328,1.22,48.76
Display - EdTech,158441.0,10814.72,2024-11-04,3976.0,300,51868.85,4.8,EdTech,India,0.0251,2.72,36.05
Display - E-commerce,10380.0,1006.0,2024-12-25,503.0,15,1306.45,1.3,E-commerce,UK,0.0485,2.0,67.07
shopping - saas,,,2024-09-21,,73,10712.26,7.73,SaaS,Australia,0.0335,1.49,18.98
Video - SaaS,177472.0,18696.3,2024-09-03,9210.0,410,45066.38,2.41,SaaS,USA,0.0519,2.03,45.6
Display - Healthcare,25967.0,1764.64,2024-05-26,656.0,24,1078.62,0.61,Healthcare,Australia,0.0253,2.69,73.53
Display - Fintech,45364.0,2002.44,2024-12-22,1628.0,113,10930.4,5.46,Fintech,UK,0.0359,1.23,17.72
Display - E-commerce,62320.0,3895.57,2024-01-15,3857.0,158,17905.2,4.6,E-commerce,UK,0.0619,1.01,24.66
Search - SaaS,27778.0,2948.1,2024-09-01,1902.0,125,15444.21,5.24,SaaS,USA,0.0685,1.55,23.58
Search - Healthcare,195606.0,38184.01,2024-11-29,10817.0,122,7355.91,0.19,Healthcare,UK,0.0553,3.53,312.98
Video - SaaS,86560.0,4843.93,2024-04-26,5323.0,94,8283.62,1.71,SaaS,USA,0.0615,0.91,51.53
Video - Fintech,89845.0,4532.7,2024-03-11,2605.0,155,14107.55,3.11,Fintech,USA,0.029,1.74,29.24
Display - Healthcare,95153.0,9186.8,2024-08-15,5404.0,74,20688.95,2.25,Healthcare,USA,0.0568,1.7,124.15
Shopping - EdTech,155338.0,19935.48,2024-11-27,10718.0,411,112821.78,5.66,EdTech,Canada,0.069,1.86,48.5
Video - EdTech,179877.0,10965.18,2024-11-13,4317.0,215,13004.03,1.19,EdTech,Canada,0.024,2.54,51.0
search - edtech,192593.0,9056.67,2024-01-16,4949.0,172,20836.16,2.3,EdTech,Germany,0.0257,1.83,52.66
Search - Healthcare,101355.0,11370.45,2024-12-21,4459.0,122,10455.25,0.92,Healthcare,India,0.044,2.55,93.2
Display - EdTech,197974.0,10631.25,2024-02-16,4375.0,347,73971.79,6.96,EdTech,Canada,0.0221,2.43,30.64
Shopping - Fintech,163178.0,11430.12,2024-10-16,5172.0,325,14305.21,1.25,Fintech,USA,0.0317,2.21,35.17
Display - EdTech,168471.0,5833.58,2024-01-29,6014.0,117,25231.33,4.33,EdTech,USA,0.0357,0.97,49.86
Shopping - Fintech,20915.0,940.39,2024-08-30,913.0,37,3637.08,3.87,Fintech,Germany,0.0437,1.03,25.42
Display - E-commerce,107885.0,6988.96,2024-05-17,3344.0,262,51456.48,7.36,E-commerce,Australia,0.031,2.09,26.68
Video - E-commerce,162242.0,13643.7,2024-05-23,5110.0,118,30643.55,2.25,E-commerce,Germany,0.0315,2.67,115.62
Video - SaaS,185948.0,3922.29,2024-08-03,5373.0,82,15594.76,3.98,SaaS,Canada,0.0289,0.73,47.83
Shopping - Healthcare,98375.0,6358.3,2024-07-13,1898.0,45,2253.91,0.35,Healthcare,Australia,0.0193,3.35,141.3
Video - Healthcare,190826.0,21304.5,2024-07-22,12174.0,933,139478.01,6.55,Healthcare,USA,0.0638,1.75,22.83
Shopping - E-commerce,52547.0,6032.9,2024-07-19,2806.0,47,13262.4,2.2,E-commerce,India,0.0534,2.15,128.36
Search - Healthcare,139648.0,13194.0,2024-05-15,4398.0,347,82597.15,6.26,Healthcare,India,0.0315,3.0,38.02
search - fintech,63001.0,4707.88,2024-07-29,3181.0,94,3324.55,0.71,Fintech,Germany,0.0505,1.48,50.08
shopping - healthcare,,,2024-06-19,,53,15699.11,1.97,Healthcare,UK,0.0214,2.16,150.47
video - fintech,196510.0,20632.0,2024-04-09,10316.0,282,66245.27,3.21,Fintech,UAE,0.0525,2.0,73.16
display - edtech,,,2024-05-13,,142,28774.25,1.88,EdTech,Canada,0.0484,2.25,108.03
Search - Fintech,103991.0,7943.53,2024-10-19,3067.0,142,36045.3,4.54,Fintech,USA,0.0295,2.59,55.94
Video - EdTech,22637.0,1068.72,2024-10-25,876.0,16,2623.14,2.45,EdTech,Germany,0.0387,1.22,66.8
Shopping - Fintech,51032.0,6770.28,2024-10-23,3036.0,195,18761.36,2.77,Fintech,UK,0.0595,2.23,34.72
Display - Healthcare,151595.0,16301.12,2024-06-05,9262.0,572,85249.68,5.23,Healthcare,UK,0.0611,1.76,28.5
Video - SaaS,121565.0,5306.04,2024-06-23,2601.0,176,34156.84,6.44,SaaS,Australia,0.0214,2.04,30.15
Display - E-commerce,38005.0,2248.39,2024-01-28,1489.0,79,23043.93,10.25,E-commerce,Australia,0.0392,1.51,28.46
Search - E-commerce,91348.0,5041.22,2024-01-15,2914.0,98,14981.67,2.97,E-commerce,India,0.0319,1.73,51.44
display - e-commerce,87607.0,11532.15,2024-08-22,3661.0,106,31383.75,2.72,E-commerce,UK,0.0418,3.15,108.79
Shopping - SaaS,162064.0,13568.94,2024-12-12,5607.0,77,8174.03,0.6,SaaS,Canada,0.0346,2.42,176.22
Display - E-commerce,79525.0,3630.84,2024-02-06,2298.0,119,21777.03,6.0,E-commerce,UAE,0.0289,1.58,30.51
Display - SaaS,13294.0,804.54,2024-05-18,583.0,46,11553.7,14.36,SaaS,UAE,0.0439,1.38,17.49
Search - Healthcare,18601.0,1412.0,2024-07-09,706.0,54,3302.39,2.34,Healthcare,UK,0.038,2.0,26.15
Shopping - Healthcare,146583.0,4813.9,2024-11-29,2990.0,114,8660.28,1.8,Healthcare,UAE,0.0204,1.61,42.23
Shopping - Fintech,46745.0,7361.6,2024-11-17,2140.0,38,5289.97,0.72,Fintech,Australia,0.0458,3.44,193.73
Display - E-commerce,39505.0,6888.06,2024-12-09,2251.0,149,30920.99,4.49,E-commerce,Canada,0.057,3.06,46.23
Shopping - Healthcare,179342.0,9200.46,2024-03-11,4071.0,195,30682.52,3.33,Healthcare,Germany,0.0227,2.26,47.18
Video - Fintech,75410.0,2887.05,2024-10-27,3039.0,239,29467.42,10.21,Fintech,UAE,0.0403,0.95,12.08
Search - Healthcare,83488.0,4656.35,2024-06-28,4049.0,45,2103.0,0.45,Healthcare,UAE,0.0485,1.15,103.47
Video - EdTech,195664.0,16582.8,2024-10-25,6378.0,312,33814.66,2.04,EdTech,UAE,0.0326,2.6,53.15
Display - E-commerce,58266.0,3234.22,2024-06-06,2651.0,103,3487.43,1.08,E-commerce,Australia,0.0455,1.22,31.4
shopping - edtech,,,2024-11-30,,160,43994.91,5.8,EdTech,UK,0.042,2.92,47.43
Display - Healthcare,30757.0,3918.52,2024-11-14,1202.0,60,5647.0,1.44,Healthcare,India,0.0391,3.26,65.31
Display - Healthcare,17578.0,1013.1,2024-04-11,330.0,20,3553.78,3.51,Healthcare,Canada,0.0188,3.07,50.66
Display - E-commerce,65530.0,5670.58,2024-02-02,2018.0,117,12114.63,2.14,E-commerce,USA,0.0308,2.81,48.47
Shopping - E-commerce,24198.0,1638.9,2024-02-10,1214.0,60,11611.94,7.09,E-commerce,UAE,0.0502,1.35,27.32
display - saas,80324.0,6987.63,2024-07-31,2337.0,50,12463.37,1.78,SaaS,India,0.0291,2.99,139.75
Search - SaaS,160525.0,10025.01,2024-04-22,6003.0,106,12306.27,1.23,SaaS,Germany,0.0374,1.67,94.58
Display - Fintech,104821.0,5744.64,2024-02-27,4224.0,307,89314.07,15.55,Fintech,Germany,0.0403,1.36,18.71
Video - Healthcare,48118.0,5914.56,2024-10-03,1616.0,129,28604.24,4.84,Healthcare,India,0.0336,3.66,45.85
Display - Healthcare,25497.0,2101.28,2024-02-14,1142.0,75,18551.01,8.83,Healthcare,UK,0.0448,1.84,28.02
Video - EdTech,120475.0,6079.32,2024-10-08,7794.0,530,143639.1,23.63,EdTech,UK,0.0647,0.78,11.47
Shopping - Healthcare,125019.0,31106.27,2024-08-19,8251.0,609,135443.82,4.35,Healthcare,Germany,0.066,3.77,51.08
Display - SaaS,183373.0,11111.95,2024-05-31,7169.0,342,18314.28,1.65,SaaS,USA,0.0391,1.55,32.49
Video - E-commerce,25080.0,2916.06,2024-01-07,1113.0,49,2232.61,0.77,E-commerce,Germany,0.0444,2.62,59.51
video - saas,,,2024-05-26,,48,8087.57,3.78,SaaS,Canada,0.0325,2.39,44.61
shopping - healthcare,149848.0,18301.3,2024-02-02,9290.0,537,106414.01,5.81,Healthcare,UAE,0.062,1.97,34.08
Video - SaaS,143235.0,7285.23,2024-09-03,3981.0,125,27104.75,3.72,SaaS,Australia,0.0278,1.83,58.28
Video - Fintech,14096.0,614.04,2024-09-25,476.0,34,3175.83,5.17,Fintech,USA,0.0338,1.29,18.06
Video - SaaS,31855.0,2398.7,2024-04-02,1411.0,60,3201.45,1.33,SaaS,USA,0.0443,1.7,39.98
Search - EdTech,95218.0,5255.61,2024-02-19,2199.0,103,17399.72,3.31,EdTech,UAE,0.0231,2.39,51.03
Shopping - E-commerce,102409.0,12132.62,2024-02-06,3389.0,149,31253.87,2.58,E-commerce,Germany,0.0331,3.58,81.43
Search - E-commerce,31049.0,3379.51,2024-09-12,1021.0,31,7117.65,2.11,E-commerce,India,0.0329,3.31,109.02
Search - SaaS,153865.0,9834.5,2024-02-13,5785.0,139,16979.34,1.73,SaaS,Australia,0.0376,1.7,70.75
Video - Fintech,39001.0,3799.0,2024-08-04,1450.0,18,5256.07,1.38,Fintech,Australia,0.0372,2.62,211.06
Search - E-commerce,166687.0,8310.32,2024-04-10,11384.0,899,139644.2,16.8,E-commerce,USA,0.0683,0.73,9.24
Display - SaaS,117000.0,11729.13,2024-05-31,7979.0,366,14373.81,1.23,SaaS,Canada,0.0682,1.47,32.05
Display - Fintech,46585.0,3308.8,2024-07-03,1504.0,85,13372.82,4.04,Fintech,UK,0.0323,2.2,38.93
Display - Fintech,129679.0,8655.04,2024-03-27,5848.0,158,32419.87,3.75,Fintech,USA,0.0451,1.48,54.78
shopping - saas,119132.0,7590.54,2024-11-16,3466.0,261,30598.06,4.03,SaaS,Germany,0.0291,2.19,29.08
video - e-commerce,,,2024-05-05,,58,15065.19,3.27,E-commerce,Canada,0.0444,2.38,79.48
Shopping - SaaS,30852.0,1087.56,2024-11-09,684.0,11,2813.84,2.59,SaaS,Germany,0.0222,1.59,98.87
Shopping - EdTech,154058.0,9170.88,2024-12-11,3728.0,125,7520.81,0.82,EdTech,UK,0.0242,2.46,73.37
Display - SaaS,160579.0,10613.44,2024-06-14,7804.0,193,9996.49,0.94,SaaS,India,0.0486,1.36,54.99
Search - SaaS,137156.0,11293.95,2024-02-11,5253.0,280,75085.66,6.65,SaaS,UK,0.0383,2.15,40.34
shopping - fintech,123292.0,8970.85,2024-12-28,2527.0,179,36566.56,4.08,Fintech,India,0.0205,3.55,50.12
Shopping - SaaS,147727.0,17554.22,2024-02-20,7534.0,206,23788.98,1.36,SaaS,Canada,0.051,2.33,85.21
Display - Fintech,158481.0,9866.39,2024-10-25,6053.0,116,30091.81,3.05,Fintech,Australia,0.0382,1.63,85.06
Search - E-commerce,38512.0,2465.6,2024-12-12,1840.0,53,3324.76,1.35,E-commerce,India,0.0478,1.34,46.52
Video - E-commerce,103348.0,2912.14,2024-09-09,1891.0,30,1064.02,0.37,E-commerce,Canada,0.0183,1.54,97.07
Search - EdTech,167198.0,11854.92,2024-02-04,5132.0,120,19874.34,1.68,EdTech,UAE,0.0307,2.31,98.79
Display - E-commerce,177420.0,18503.32,2024-04-17,7646.0,478,110744.54,5.99,E-commerce,Germany,0.0431,2.42,38.71
Search - SaaS,195067.0,8672.55,2024-02-21,9129.0,128,24006.78,2.77,SaaS,UAE,0.0468,0.95,67.75
Display - EdTech,44435.0,3894.04,2024-01-30,1453.0,48,6345.04,1.63,EdTech,USA,0.0327,2.68,81.13
Video - E-commerce,139158.0,3887.47,2024-01-06,3061.0,118,15835.46,4.07,E-commerce,UK,0.022,1.27,32.94
Search - Healthcare,103053.0,5709.33,2024-07-06,2607.0,194,39533.49,6.92,Healthcare,Germany,0.0253,2.19,29.43
Display - Fintech,44140.0,2206.05,2024-02-29,2101.0,55,6735.72,3.05,Fintech,Canada,0.0476,1.05,40.11
Search - Fintech,181976.0,13333.44,2024-09-22,7752.0,255,75491.87,5.66,Fintech,India,0.0426,1.72,52.29
Shopping - Healthcare,103902.0,4555.32,2024-12-10,3927.0,215,37434.38,8.22,Healthcare,UK,0.0378,1.16,21.19
Search - EdTech,16955.0,800.8,2024-06-02,440.0,30,3274.44,4.09,EdTech,USA,0.026,1.82,26.69
Display - E-commerce,12546.0,1051.25,2024-07-22,725.0,43,2269.78,2.16,E-commerce,Australia,0.0578,1.45,24.45
Search - Fintech,161554.0,19068.6,2024-05-27,6252.0,361,57767.01,3.03,Fintech,Canada,0.0387,3.05,52.82
Shopping - Fintech,23773.0,737.6,2024-07-19,461.0,5,642.97,0.87,Fintech,India,0.0194,1.6,147.52
Display - Healthcare,15796.0,574.91,2024-08-28,301.0,17,1137.71,1.98,Healthcare,UK,0.0191,1.91,33.82
Shopping - EdTech,93623.0,7898.75,2024-07-08,6319.0,83,20925.73,2.65,EdTech,USA,0.0675,1.25,95.17
Shopping - Healthcare,155018.0,27072.16,2024-04-30,9146.0,495,33297.83,1.23,Healthcare,UAE,0.059,2.96,54.69
Search - EdTech,13614.0,2209.68,2024-11-03,744.0,54,11111.12,5.03,EdTech,Canada,0.0547,2.97,40.92
display - saas,,,2024-12-16,,7,1275.11,4.76,SaaS,Australia,0.0297,1.19,38.25
Video - E-commerce,83845.0,6991.31,2024-12-23,2599.0,137,29891.75,4.28,E-commerce,UAE,0.031,2.69,51.03
Display - Healthcare,195610.0,23595.72,2024-05-17,9956.0,401,116291.87,4.93,Healthcare,Germany,0.0509,2.37,58.84
Display - Healthcare,63812.0,8004.28,2024-09-14,2686.0,84,6979.61,0.87,Healthcare,UAE,0.0421,2.98,95.29
Video - Fintech,33794.0,1802.5,2024-08-28,1030.0,25,1849.39,1.03,Fintech,UAE,0.0305,1.75,72.1
shopping - saas,149438.0,12260.51,2024-12-29,3287.0,153,8351.95,0.68,SaaS,Canada,0.022,3.73,80.13
Search - SaaS,85729.0,5306.14,2024-07-27,1757.0,90,21584.82,4.07,SaaS,UAE,0.0205,3.02,58.96
Display - Healthcare,77964.0,9852.7,2024-03-21,2915.0,161,14283.0,1.45,Healthcare,Canada,0.0374,3.38,61.2
Search - Fintech,102677.0,11490.77,2024-04-12,3131.0,79,13056.26,1.14,Fintech,UK,0.0305,3.67,145.45
Search - Fintech,137737.0,3532.5,2024-12-29,3925.0,78,11545.1,3.27,Fintech,Germany,0.0285,0.9,45.29
Shopping - EdTech,93534.0,3366.8,2024-05-05,3544.0,187,32280.5,9.59,EdTech,USA,0.0379,0.95,18.0
Video - Fintech,127475.0,17180.28,2024-06-17,7342.0,574,74747.49,4.35,Fintech,Australia,0.0576,2.34,29.93
Display - SaaS,82700.0,2303.94,2024-09-09,2679.0,140,20788.45,9.02,SaaS,USA,0.0324,0.86,16.46
Video - Healthcare,115415.0,12719.14,2024-06-22,3866.0,280,61322.57,4.82,Healthcare,UK,0.0335,3.29,45.43
search - e-commerce,,,2024-09-14,,205,50937.22,10.32,E-commerce,Canada,0.0355,0.88,24.07
Shopping - Healthcare,20091.0,3259.96,2024-01-05,956.0,36,9230.05,2.83,Healthcare,UAE,0.0476,3.41,90.55
Display - E-commerce,126946.0,15541.68,2024-12-19,6728.0,132,34256.99,2.2,E-commerce,Canada,0.053,2.31,117.74
Video - Healthcare,140091.0,18249.84,2024-04-26,7242.0,347,24525.17,1.34,Healthcare,UK,0.0517,2.52,52.59
Search - Healthcare,77968.0,8552.85,2024-11-10,3001.0,193,31448.71,3.68,Healthcare,USA,0.0385,2.85,44.32
Video - EdTech,93545.0,3449.84,2024-06-29,2974.0,58,4267.11,1.24,EdTech,UAE,0.0318,1.16,59.48
Display - E-commerce,73683.0,12473.24,2024-07-23,3757.0,131,33721.52,2.7,E-commerce,Australia,0.051,3.32,95.22
Shopping - E-commerce,193613.0,25548.03,2024-09-06,9157.0,458,127981.37,5.01,E-commerce,Canada,0.0473,2.79,55.78
Display - EdTech,158138.0,5805.84,2024-11-25,2846.0,143,22164.01,3.82,EdTech,Australia,0.018,2.04,40.6
Video - Healthcare,134814.0,5355.64,2024-06-28,2804.0,195,46646.16,8.71,Healthcare,UAE,0.0208,1.91,27.46
search - e-commerce,102366.0,4116.51,2024-02-19,2589.0,148,35080.15,8.52,E-commerce,Australia,0.0253,1.59,27.81
Shopping - EdTech,119183.0,17038.58,2024-04-02,5041.0,121,25438.17,1.49,EdTech,UAE,0.0423,3.38,140.81
Video - SaaS,150213.0,16512.3,2024-02-17,5242.0,332,64497.69,3.91,SaaS,Canada,0.0349,3.15,49.74
Shopping - EdTech,73305.0,9014.8,2024-01-07,3635.0,47,2210.35,0.25,EdTech,USA,0.0496,2.48,191.8
shopping - edtech,12045.0,515.1,2024-02-05,255.0,4,161.02,0.31,EdTech,USA,0.0212,2.02,128.78
Video - Fintech,77796.0,9887.01,2024-05-08,3703.0,182,43235.35,4.37,Fintech,UAE,0.0476,2.67,54.32
Search - Fintech,138154.0,21129.96,2024-03-17,9518.0,534,24562.44,1.16,Fintech,Germany,0.0689,2.22,39.57
Shopping - EdTech,13947.0,1120.08,2024-08-12,718.0,44,11863.61,10.59,EdTech,Germany,0.0515,1.56,25.46
Display - EdTech,199164.0,21280.49,2024-11-08,6671.0,118,27461.46,1.29,EdTech,Germany,0.0335,3.19,180.34
Search - E-commerce,37827.0,1678.32,2024-08-29,2072.0,133,19268.21,11.48,E-commerce,UAE,0.0548,0.81,12.62
Display - SaaS,180848.0,18309.8,2024-06-24,5515.0,362,84316.14,4.6,SaaS,Germany,0.0305,3.32,50.58
Video - Fintech,30545.0,2989.44,2024-02-19,1728.0,51,3408.09,1.14,Fintech,UAE,0.0566,1.73,58.62
Shopping - Fintech,149064.0,7555.68,2024-10-24,5724.0,369,107029.4,14.17,Fintech,India,0.0384,1.32,20.48
Search - SaaS,146677.0,10787.74,2024-07-12,7597.0,186,35941.14,3.33,SaaS,Australia,0.0518,1.42,58.0
Display - SaaS,127232.0,11407.65,2024-05-02,3867.0,177,6676.28,0.59,SaaS,Australia,0.0304,2.95,64.45
Video - SaaS,83243.0,8547.63,2024-12-21,2821.0,181,43894.09,5.14,SaaS,UK,0.0339,3.03,47.22
Display - Healthcare,50411.0,3537.6,2024-07-30,1320.0,49,12873.07,3.64,Healthcare,Canada,0.0262,2.68,72.2
Shopping - Fintech,100552.0,7374.51,2024-01-17,3861.0,57,14567.86,1.98,Fintech,UK,0.0384,1.91,129.38
Display - Fintech,32428.0,970.83,2024-07-02,603.0,47,11645.06,11.99,Fintech,UAE,0.0186,1.61,20.66
Search - Healthcare,84517.0,3993.6,2024-11-13,1664.0,91,21828.0,5.47,Healthcare,USA,0.0197,2.4,43.89
Search - EdTech,158778.0,10884.0,2024-06-23,7256.0,431,17905.23,1.65,EdTech,UK,0.0457,1.5,25.25
Search - Healthcare,145284.0,21601.86,2024-04-16,8121.0,503,135453.16,6.27,Healthcare,Germany,0.0559,2.66,42.95
Search - SaaS,185923.0,28803.36,2024-03-08,7827.0,215,61106.18,2.12,SaaS,USA,0.0421,3.68,133.97
Shopping - SaaS,71107.0,7839.12,2024-03-10,2936.0,215,26952.54,3.44,SaaS,Australia,0.0413,2.67,36.46
shopping - saas,79681.0,6823.44,2024-06-30,2916.0,184,46327.26,6.79,SaaS,UAE,0.0366,2.34,37.08
Video - E-commerce,16766.0,2081.16,2024-06-13,846.0,34,7254.65,3.49,E-commerce,UAE,0.0505,2.46,61.21
Display - E-commerce,96931.0,6545.28,2024-02-07,5844.0,297,47765.4,7.3,E-commerce,Germany,0.0603,1.12,22.04
Shopping - E-commerce,45225.0,2012.01,2024-12-30,2211.0,156,38495.98,19.13,E-commerce,UAE,0.0489,0.91,12.9
Shopping - SaaS,89383.0,20665.77,2024-08-16,5631.0,163,35918.24,1.74,SaaS,UAE,0.063,3.67,126.78
display - edtech,,,2024-08-18,,459,76527.74,5.21,EdTech,Canada,0.0368,2.23,32.03
Shopping - SaaS,189480.0,22329.5,2024-10-26,6290.0,204,44620.04,2.0,SaaS,USA,0.0332,3.55,109.46
Video - E-commerce,116789.0,17716.34,2024-08-12,6586.0,220,34309.56,1.94,E-commerce,USA,0.0564,2.69,80.53
Search - SaaS,89833.0,16964.64,2024-05-11,4536.0,166,42497.44,2.51,SaaS,Canada,0.0505,3.74,102.2
Search - SaaS,53544.0,2354.7,2024-01-09,1670.0,20,4659.21,1.98,SaaS,Australia,0.0312,1.41,117.73
Shopping - EdTech,182395.0,29383.65,2024-10-29,8517.0,517,27133.78,0.92,EdTech,USA,0.0467,3.45,56.83
Video - E-commerce,27612.0,3177.9,2024-11-09,963.0,75,12575.02,3.96,E-commerce,UAE,0.0349,3.3,42.37
Search - E-commerce,48953.0,2716.17,2024-10-05,2447.0,144,17526.62,6.45,E-commerce,UAE,0.05,1.11,18.86
Search - E-commerce,13484.0,511.88,2024-04-18,382.0,23,1623.76,3.17,E-commerce,Germany,0.0284,1.34,22.26
display - healthcare,135171.0,9311.18,2024-04-28,5231.0,149,19918.92,2.14,Healthcare,UAE,0.0387,1.78,62.49
Display - Healthcare,51678.0,7652.28,2024-02-06,2966.0,192,21240.9,2.78,Healthcare,USA,0.0574,2.58,39.86
Search - Fintech,196883.0,14976.12,2024-06-28,10119.0,636,121588.49,8.12,Fintech,UK,0.0514,1.48,23.55
Search - EdTech,180627.0,12756.92,2024-12-23,8074.0,266,72041.28,5.65,EdTech,UAE,0.0447,1.58,47.96
Video - SaaS,85196.0,5889.88,2024-02-25,2572.0,34,8900.58,1.51,SaaS,India,0.0302,2.29,173.23
Video - E-commerce,74098.0,5446.35,2024-03-18,1911.0,91,9234.96,1.7,E-commerce,Australia,0.0258,2.85,59.85
Video - Healthcare,141501.0,19162.44,2024-09-18,6452.0,193,47970.13,2.5,Healthcare,UAE,0.0456,2.97,99.29
Video - Fintech,81303.0,8100.3,2024-03-30,4154.0,121,35667.19,4.4,Fintech,UAE,0.0511,1.95,66.94
Shopping - E-commerce,138135.0,12816.86,2024-06-15,7721.0,112,4652.6,0.36,E-commerce,USA,0.0559,1.66,114.44
Shopping - Fintech,70107.0,11002.4,2024-11-04,4045.0,203,22267.98,2.02,Fintech,India,0.0577,2.72,54.2
Shopping - SaaS,193326.0,15787.52,2024-03-06,12334.0,715,196162.94,12.43,SaaS,UAE,0.0638,1.28,22.08
Video - Fintech,115760.0,8160.02,2024-12-02,2558.0,164,37092.55,4.55,Fintech,India,0.0221,3.19,49.76
Search - Fintech,187831.0,10009.22,2024-04-16,7306.0,321,91963.37,9.19,Fintech,Germany,0.0389,1.37,31.18
Search - EdTech,121107.0,7523.72,2024-10-21,3148.0,243,33241.31,4.42,EdTech,USA,0.026,2.39,30.96
Shopping - Fintech,112930.0,2305.65,2024-08-19,2427.0,53,10549.62,4.58,Fintech,India,0.0215,0.95,43.5
Video - SaaS,94767.0,13519.8,2024-12-14,4662.0,136,33757.52,2.5,SaaS,Canada,0.0492,2.9,99.41
Video - Fintech,41388.0,2930.56,2024-03-11,964.0,72,19679.4,6.72,Fintech,UK,0.0233,3.04,40.7
Shopping - EdTech,52083.0,7341.84,2024-11-09,2781.0,160,39686.47,5.41,EdTech,USA,0.0534,2.64,45.89
Video - E-commerce,110109.0,7585.82,2024-12-02,2378.0,41,6931.99,0.91,E-commerce,UAE,0.0216,3.19,185.02
Shopping - Healthcare,79189.0,3969.8,2024-07-28,4315.0,197,21995.7,5.54,Healthcare,Australia,0.0545,0.92,20.15
Search - E-commerce,22414.0,1184.72,2024-03-08,472.0,34,7160.99,6.04,E-commerce,Canada,0.0211,2.51,34.84
Display - EdTech,164457.0,14644.96,2024-10-24,8321.0,610,27104.12,1.85,EdTech,Germany,0.0506,1.76,24.01
Display - E-commerce,105477.0,11759.44,2024-11-17,6391.0,116,17001.07,1.45,E-commerce,India,0.0606,1.84,101.37
Video - Fintech,160816.0,11888.9,2024-12-05,9745.0,553,62922.41,5.29,Fintech,UK,0.0606,1.22,21.5
Display - Healthcare,23904.0,1010.94,2024-09-02,609.0,35,7211.31,7.13,Healthcare,UK,0.0255,1.66,28.88
Video - SaaS,112399.0,11149.35,2024-03-12,3585.0,91,20140.14,1.81,SaaS,India,0.0319,3.11,122.52
Video - E-commerce,180069.0,8496.6,2024-02-16,5780.0,272,74348.97,8.75,E-commerce,Germany,0.0321,1.47,31.24
Display - Healthcare,79843.0,3470.61,2024-03-29,2427.0,127,27833.99,8.02,Healthcare,USA,0.0304,1.43,27.33
Shopping - Fintech,161252.0,24540.3,2024-09-26,8046.0,550,130994.6,5.34,Fintech,Australia,0.0499,3.05,44.62
Search - Healthcare,78606.0,4814.22,2024-12-12,3914.0,88,6101.96,1.27,Healthcare,Canada,0.0498,1.23,54.71
Display - SaaS,31885.0,1629.13,2024-02-22,1613.0,67,19023.45,11.68,SaaS,Germany,0.0506,1.01,24.32
Display - EdTech,44387.0,5299.66,2024-07-30,1886.0,112,16115.2,3.04,EdTech,India,0.0425,2.81,47.32
Search - Fintech,21198.0,1377.88,2024-02-23,703.0,28,6226.83,4.52,Fintech,USA,0.0332,1.96,49.21
Display - Healthcare,157270.0,5535.0,2024-03-15,5535.0,356,86412.59,15.61,Healthcare,India,0.0352,1.0,15.55
Video - E-commerce,33433.0,4975.14,2024-01-07,1698.0,60,4216.81,0.85,E-commerce,UK,0.0508,2.93,82.92
Shopping - Healthcare,154631.0,15050.02,2024-09-02,4793.0,155,15403.3,1.02,Healthcare,Canada,0.031,3.14,97.1
Video - Fintech,46583.0,6400.44,2024-09-10,2319.0,50,11413.39,1.78,Fintech,India,0.0498,2.76,128.01
Video - SaaS,122784.0,16777.53,2024-03-11,6237.0,134,15407.61,0.92,SaaS,UAE,0.0508,2.69,125.21
Search - Fintech,83498.0,3636.93,2024-08-20,3531.0,234,36561.1,10.05,Fintech,India,0.0423,1.03,15.54
Shopping - E-commerce,30118.0,3119.28,2024-03-17,951.0,30,2408.76,0.77,E-commerce,Germany,0.0316,3.28,103.98
Display - Healthcare,119911.0,12995.36,2024-12-18,4592.0,163,24856.01,1.91,Healthcare,Australia,0.0383,2.83,79.73
Shopping - E-commerce,146788.0,14527.26,2024-08-06,6003.0,476,104420.05,7.19,E-commerce,India,0.0409,2.42,30.52
Video - SaaS,89052.0,9483.06,2024-01-30,2591.0,190,12653.72,1.33,SaaS,Australia,0.0291,3.66,49.91
Shopping - E-commerce,46971.0,4971.48,2024-10-29,2437.0,141,14817.7,2.98,E-commerce,Germany,0.0519,2.04,35.26
Display - EdTech,36391.0,6045.56,2024-06-27,1684.0,18,4868.51,0.81,EdTech,UAE,0.0463,3.59,335.86
Display - EdTech,169575.0,10108.3,2024-04-03,3730.0,284,8952.89,0.89,EdTech,India,0.022,2.71,35.59
video - e-commerce,,,2024-07-24,,357,62250.35,6.22,E-commerce,UK,0.039,1.75,28.03
Display - Fintech,116972.0,17741.27,2024-05-25,6269.0,83,8852.61,0.5,Fintech,Germany,0.0536,2.83,213.75
Shopping - EdTech,26529.0,1968.68,2024-03-24,1106.0,78,2995.39,1.52,EdTech,UAE,0.0417,1.78,25.24
Search - Healthcare,136135.0,10792.96,2024-05-03,7936.0,406,40442.85,3.75,Healthcare,India,0.0583,1.36,26.58
Shopping - Healthcare,36092.0,3864.0,2024-09-06,1050.0,34,1685.69,0.44,Healthcare,Germany,0.0291,3.68,113.65
Display - Fintech,114914.0,10230.07,2024-10-26,3803.0,224,67007.76,6.55,Fintech,UAE,0.0331,2.69,45.67
Display - EdTech,34652.0,1359.62,2024-09-27,866.0,43,2728.57,2.01,EdTech,Australia,0.025,1.57,31.62
Display - EdTech,136585.0,16380.52,2024-02-21,5668.0,120,20065.19,1.22,EdTech,India,0.0415,2.89,136.5
Display - Healthcare,192822.0,20863.8,2024-11-23,6228.0,87,18207.05,0.87,Healthcare,Canada,0.0323,3.35,239.81
Search - Healthcare,63738.0,1214.58,2024-12-30,1306.0,87,16951.52,13.96,Healthcare,UK,0.0205,0.93,13.96
Search - Fintech,28267.0,4581.71,2024-02-28,1769.0,33,1968.12,0.43,Fintech,India,0.0626,2.59,138.84
Shopping - E-commerce,34036.0,7196.7,2024-10-14,2086.0,110,21503.08,2.99,E-commerce,Germany,0.0613,3.45,65.42
shopping - edtech,,,2024-09-19,,57,15175.48,2.63,EdTech,UK,0.0245,1.45,101.17
Video - Healthcare,184982.0,14697.76,2024-12-18,4772.0,141,26098.46,1.78,Healthcare,India,0.0258,3.08,104.24
Search - Fintech,166673.0,3975.72,2024-08-16,4733.0,336,98987.51,24.9,Fintech,UK,0.0284,0.84,11.83
Video - EdTech,109148.0,7072.29,2024-06-05,3951.0,249,56329.34,7.96,EdTech,UAE,0.0362,1.79,28.4
Video - EdTech,173700.0,16506.32,2024-12-26,7208.0,178,32171.36,1.95,EdTech,USA,0.0415,2.29,92.73
Search - Healthcare,58520.0,5333.92,2024-12-15,3604.0,265,78186.23,14.66,Healthcare,Australia,0.0616,1.48,20.13
Video - Healthcare,111071.0,8107.95,2024-09-10,2865.0,39,8971.28,1.11,Healthcare,Canada,0.0258,2.83,207.9
Shopping - SaaS,153750.0,14661.6,2024-04-08,4920.0,117,30000.6,2.05,SaaS,India,0.032,2.98,125.31
Shopping - E-commerce,141455.0,7537.86,2024-06-13,2673.0,122,19810.32,2.63,E-commerce,India,0.0189,2.82,61.79
Video - Fintech,92332.0,5015.84,2024-10-05,5336.0,213,39347.29,7.84,Fintech,USA,0.0578,0.94,23.55
Search - E-commerce,90953.0,13269.6,2024-09-05,4365.0,73,19836.75,1.49,E-commerce,India,0.048,3.04,181.78
Search - Healthcare,57632.0,2198.0,2024-04-12,1256.0,20,1647.61,0.75,Healthcare,UAE,0.0218,1.75,109.9
Video - SaaS,30343.0,2266.15,2024-05-21,743.0,39,7450.31,3.29,SaaS,Germany,0.0245,3.05,58.11
Display - Healthcare,18696.0,853.47,2024-05-31,327.0,8,1284.99,1.51,Healthcare,Germany,0.0175,2.61,106.68
Search - E-commerce,191372.0,29043.28,2024-04-14,11711.0,335,75028.42,2.58,E-commerce,Australia,0.0612,2.48,86.7
Search - Healthcare,186232.0,22300.8,2024-12-23,9292.0,265,67766.02,3.04,Healthcare,UK,0.0499,2.4,84.15
Search - SaaS,15470.0,634.8,2024-05-27,529.0,5,1223.76,1.93,SaaS,Germany,0.0342,1.2,126.96
display - healthcare,91814.0,6465.36,2024-04-05,2607.0,129,25405.84,3.93,Healthcare,Australia,0.0284,2.48,50.12
display - edtech,96087.0,9843.52,2024-03-24,3238.0,45,7783.0,0.79,EdTech,Australia,0.0337,3.04,218.74
Shopping - Fintech,92943.0,11383.62,2024-03-12,5037.0,232,64994.16,5.71,Fintech,Germany,0.0542,2.26,49.07
Video - E-commerce,146428.0,6263.04,2024-03-25,2796.0,164,33829.22,5.4,E-commerce,Germany,0.0191,2.24,38.19
Search - Fintech,151772.0,6361.74,2024-08-28,6237.0,302,77929.21,12.25,Fintech,Germany,0.0411,1.02,21.07
search - edtech,100381.0,4723.53,2024-09-11,5691.0,321,58283.85,12.34,EdTech,UAE,0.0567,0.83,14.72
Display - SaaS,133526.0,14223.31,2024-12-29,4633.0,340,62193.85,4.37,SaaS,UAE,0.0347,3.07,41.83
Search - Healthcare,106277.0,20604.56,2024-05-04,6961.0,180,42397.44,2.06,Healthcare,UK,0.0655,2.96,114.47
Shopping - Fintech,153953.0,14571.7,2024-01-22,5095.0,110,30634.7,2.1,Fintech,Australia,0.0331,2.86,132.47
Shopping - EdTech,107891.0,8623.23,2024-11-25,3733.0,148,15202.91,1.76,EdTech,Canada,0.0346,2.31,58.27
Search - E-commerce,104464.0,9749.64,2024-12-24,4314.0,82,10226.11,1.05,E-commerce,UAE,0.0413,2.26,118.9
Video - SaaS,113502.0,2704.35,2024-06-03,2235.0,34,6126.9,2.27,SaaS,UK,0.0197,1.21,79.54
shopping - healthcare,95196.0,3328.5,2024-09-09,3170.0,170,13047.52,3.92,Healthcare,Australia,0.0333,1.05,19.58
display - healthcare,,,2024-01-27,,164,33307.3,9.27,Healthcare,UK,0.0295,1.41,21.9
Search - E-commerce,78532.0,13352.7,2024-06-28,4735.0,310,45765.16,3.43,E-commerce,USA,0.0603,2.82,43.07
Shopping - Healthcare,184081.0,11194.3,2024-03-19,5135.0,96,24545.05,2.19,Healthcare,Canada,0.0279,2.18,116.61
Video - SaaS,28667.0,3880.2,2024-07-23,1338.0,24,3421.56,0.88,SaaS,UAE,0.0467,2.9,161.67
Display - Healthcare,154239.0,23888.0,2024-01-21,7465.0,484,25632.04,1.07,Healthcare,Australia,0.0484,3.2,49.36
Search - E-commerce,104456.0,13510.33,2024-10-28,6403.0,440,111130.68,8.23,E-commerce,USA,0.0613,2.11,30.71
Display - Fintech,197459.0,20174.52,2024-03-10,5667.0,105,17723.39,0.88,Fintech,Australia,0.0287,3.56,192.14
Display - SaaS,188490.0,19536.36,2024-08-01,6879.0,279,18268.77,0.94,SaaS,Canada,0.0365,2.84,70.02
Display - EdTech,177220.0,10688.24,2024-05-31,4607.0,114,9297.03,0.87,EdTech,Canada,0.026,2.32,93.76
Video - E-commerce,136460.0,3926.56,2024-09-15,4462.0,322,59937.98,15.26,E-commerce,Canada,0.0327,0.88,12.19
Display - SaaS,28068.0,999.9,2024-09-09,990.0,28,5661.1,5.66,SaaS,India,0.0353,1.01,35.71
Video - Fintech,57328.0,3306.33,2024-04-15,2161.0,99,17903.97,5.42,Fintech,India,0.0377,1.53,33.4
Video - SaaS,87570.0,8776.55,2024-02-22,3415.0,236,46705.85,5.32,SaaS,India,0.039,2.57,37.19
Display - SaaS,91861.0,3143.4,2024-11-04,2535.0,137,8299.82,2.64,SaaS,Australia,0.0276,1.24,22.94
Display - EdTech,146332.0,20115.2,2024-06-29,7184.0,366,40775.67,2.03,EdTech,UK,0.0491,2.8,54.96
Display - Fintech,35702.0,1578.42,2024-07-28,999.0,15,2820.45,1.79,Fintech,Canada,0.028,1.58,105.23
Shopping - Healthcare,184976.0,16678.2,2024-09-01,6270.0,412,40433.91,2.42,Healthcare,Germany,0.0339,2.66,40.48
Search - E-commerce,119235.0,5783.8,2024-06-10,5258.0,141,24150.02,4.18,E-commerce,UAE,0.0441,1.1,41.02
Shopping - EdTech,127211.0,10435.84,2024-08-14,3968.0,194,37337.18,3.58,EdTech,India,0.0312,2.63,53.79
shopping - saas,,,2024-05-25,,571,17839.23,1.04,SaaS,Germany,0.047,1.88,30.16
Search - E-commerce,90349.0,16368.4,2024-10-26,5420.0,105,16913.07,1.03,E-commerce,Australia,0.06,3.02,155.89
Display - Healthcare,54158.0,2732.94,2024-08-06,3374.0,55,5839.17,2.14,Healthcare,USA,0.0623,0.81,49.69
Video - Fintech,165470.0,3391.52,2024-02-18,4136.0,56,12113.24,3.57,Fintech,Canada,0.025,0.82,60.56
Video - EdTech,82604.0,14820.48,2024-07-03,5146.0,75,11977.45,0.81,EdTech,Canada,0.0623,2.88,197.61
Display - Healthcare,162454.0,6809.09,2024-06-25,4337.0,329,13568.06,1.99,Healthcare,UAE,0.0267,1.57,20.7
Video - Healthcare,83702.0,8502.0,2024-02-16,3900.0,60,11812.78,1.39,Healthcare,Australia,0.0466,2.18,141.7
Search - Fintech,88442.0,7181.65,2024-05-26,2485.0,69,12989.18,1.81,Fintech,UAE,0.0281,2.89,104.08
Shopping - SaaS,143723.0,4849.56,2024-02-23,4254.0,281,41783.61,8.62,SaaS,UAE,0.0296,1.14,17.26
Video - E-commerce,94412.0,6173.94,2024-05-10,4786.0,343,93767.6,15.19,E-commerce,India,0.0507,1.29,18.0
Video - EdTech,56305.0,2712.6,2024-05-21,1644.0,126,24269.48,8.95,EdTech,UK,0.0292,1.65,21.53
Video - SaaS,127179.0,11377.5,2024-09-15,5125.0,87,5905.23,0.52,SaaS,Germany,0.0403,2.22,130.78
Shopping - Fintech,20797.0,913.68,2024-07-18,846.0,56,11660.97,12.76,Fintech,USA,0.0407,1.08,16.32
Search - SaaS,86689.0,4323.32,2024-04-06,3727.0,276,76876.24,17.78,SaaS,Canada,0.043,1.16,15.66
Search - Healthcare,159251.0,26048.48,2024-05-17,9172.0,407,30602.6,1.17,Healthcare,USA,0.0576,2.84,64.0
Video - Fintech,83466.0,9241.14,2024-09-16,4089.0,108,12521.2,1.35,Fintech,Canada,0.049,2.26,85.57
Video - EdTech,162883.0,21358.12,2024-03-26,8974.0,292,80812.08,3.78,EdTech,Germany,0.0551,2.38,73.14
Video - EdTech,40306.0,999.6,2024-06-14,1176.0,41,11838.48,11.84,EdTech,USA,0.0292,0.85,24.38
Search - EdTech,90794.0,17477.8,2024-02-16,5638.0,217,54642.18,3.13,EdTech,UAE,0.0621,3.1,80.54
Shopping - Healthcare,99805.0,2710.4,2024-07-17,1936.0,112,29346.97,10.83,Healthcare,UAE,0.0194,1.4,24.2
Search - Fintech,187156.0,9526.54,2024-01-30,3986.0,269,34393.23,3.61,Fintech,Canada,0.0213,2.39,35.41
Search - Fintech,117458.0,13716.24,2024-12-16,6824.0,251,12200.18,0.89,Fintech,UK,0.0581,2.01,54.65
Video - SaaS,30169.0,2193.12,2024-06-26,1523.0,34,8282.71,3.78,SaaS,USA,0.0505,1.44,64.5
Search - EdTech,122959.0,5933.51,2024-01-25,3553.0,133,11079.66,1.87,EdTech,Germany,0.0289,1.67,44.61
Search - EdTech,177256.0,8889.21,2024-12-01,4059.0,138,32140.46,3.62,EdTech,USA,0.0229,2.19,64.41
Display - EdTech,87481.0,12041.28,2024-07-02,4181.0,104,28643.42,2.38,EdTech,Germany,0.0478,2.88,115.78
Search - SaaS,121089.0,3254.07,2024-11-24,3499.0,185,28042.42,8.62,SaaS,India,0.0289,0.93,17.59
Search - EdTech,15589.0,336.3,2024-05-07,285.0,10,1359.76,4.04,EdTech,Canada,0.0183,1.18,33.63
Shopping - E-commerce,142045.0,21894.79,2024-03-25,9161.0,525,131680.16,6.01,E-commerce,UK,0.0645,2.39,41.7
Video - E-commerce,121465.0,9143.0,2024-10-19,5575.0,273,28769.59,3.15,E-commerce,USA,0.0459,1.64,33.49
Video - Fintech,108510.0,5246.61,2024-01-09,3721.0,116,23480.01,4.48,Fintech,UK,0.0343,1.41,45.23
Shopping - SaaS,73734.0,1631.8,2024-07-10,1990.0,143,16954.02,10.39,SaaS,USA,0.027,0.82,11.41
Search - Fintech,79432.0,9457.7,2024-01-27,4130.0,311,59366.41,6.28,Fintech,India,0.052,2.29,30.41
Video - Fintech,33695.0,3677.76,2024-02-25,1277.0,89,25041.09,6.81,Fintech,Australia,0.0379,2.88,41.32
search - healthcare,,,2024-11-02,,22,2731.41,2.9,Healthcare,India,0.0255,1.41,42.88
Video - Fintech,99447.0,6212.85,2024-04-15,5917.0,195,28481.71,4.58,Fintech,UK,0.0595,1.05,31.86
Search - SaaS,78635.0,6079.45,2024-12-08,2587.0,106,21303.72,3.5,SaaS,UK,0.0329,2.35,57.35
Video - SaaS,162743.0,15439.71,2024-09-17,8723.0,106,20056.78,1.3,SaaS,Germany,0.0536,1.77,145.66
Display - Healthcare,144494.0,25563.36,2024-08-04,8409.0,93,20233.22,0.79,Healthcare,Canada,0.0582,3.04,274.87
Search - Fintech,112549.0,24368.8,2024-11-09,6640.0,374,21696.69,0.89,Fintech,Australia,0.059,3.67,65.16
Search - E-commerce,148994.0,25981.14,2024-12-23,7509.0,588,82753.51,3.19,E-commerce,USA,0.0504,3.46,44.19
Display - Fintech,87373.0,3825.15,2024-11-24,3643.0,289,35842.03,9.37,Fintech,Canada,0.0417,1.05,13.24
Search - Fintech,51986.0,3053.88,2024-12-23,1996.0,82,20819.66,6.82,Fintech,India,0.0384,1.53,37.24
Shopping - E-commerce,20718.0,1128.9,2024-03-07,426.0,22,1505.14,1.33,E-commerce,USA,0.0206,2.65,51.31
Display - E-commerce,12644.0,1269.84,2024-05-19,572.0,36,7362.94,5.8,E-commerce,UAE,0.0453,2.22,35.27
Video - EdTech,91901.0,8581.08,2024-07-16,3326.0,261,77117.41,8.99,EdTech,Canada,0.0362,2.58,32.88
Search - Fintech,120431.0,17345.74,2024-03-30,6262.0,188,8830.89,0.51,Fintech,Canada,0.052,2.77,92.26
Search - Fintech,7948.0,598.23,2024-01-23,289.0,6,1368.08,2.29,Fintech,Germany,0.0364,2.07,99.7
Search - SaaS,66402.0,5012.7,2024-03-30,2695.0,199,14266.46,2.85,SaaS,Germany,0.0406,1.86,25.19
Display - EdTech,96676.0,8894.42,2024-08-29,5326.0,355,14113.5,1.59,EdTech,Canada,0.0551,1.67,25.05
Search - SaaS,23936.0,3269.7,2024-03-30,1211.0,49,7236.18,2.21,SaaS,UK,0.0506,2.7,66.73
Shopping - Fintech,165805.0,27136.32,2024-03-29,9832.0,509,143237.84,5.28,Fintech,Australia,0.0593,2.76,53.31
search - healthcare,82764.0,2071.16,2024-01-19,2276.0,130,22792.2,11.0,Healthcare,UAE,0.0275,0.91,15.93
Search - Fintech,188420.0,24814.6,2024-07-08,9364.0,324,68719.44,2.77,Fintech,Australia,0.0497,2.65,76.59
Shopping - Fintech,89431.0,4851.0,2024-02-20,3300.0,56,9891.88,2.04,Fintech,UK,0.0369,1.47,86.62
Display - E-commerce,52897.0,5215.91,2024-01-04,1883.0,108,5473.28,1.05,E-commerce,USA,0.0356,2.77,48.3
Shopping - SaaS,83334.0,5779.93,2024-06-09,3341.0,256,32514.9,5.63,SaaS,UK,0.0401,1.73,22.58
Video - SaaS,158514.0,9769.1,2024-07-10,4565.0,235,15388.32,1.58,SaaS,USA,0.0288,2.14,41.57
Video - SaaS,44420.0,3880.24,2024-02-02,1066.0,44,2655.91,0.68,SaaS,Canada,0.024,3.64,88.19
Video - EdTech,80511.0,12025.04,2024-11-26,3622.0,140,31780.44,2.64,EdTech,UAE,0.045,3.32,85.89
Shopping - E-commerce,143944.0,16612.03,2024-06-26,7873.0,513,65899.82,3.97,E-commerce,UK,0.0547,2.11,32.38
Display - E-commerce,17299.0,929.26,2024-11-13,479.0,30,3163.73,3.4,E-commerce,Australia,0.0277,1.94,30.98
Video - E-commerce,37135.0,1931.52,2024-03-14,1006.0,62,17772.87,9.2,E-commerce,India,0.0271,1.92,31.15
Display - EdTech,80542.0,9107.4,2024-11-23,4236.0,104,15932.35,1.75,EdTech,UAE,0.0526,2.15,87.57
Shopping - E-commerce,112992.0,8406.0,2024-04-03,2802.0,124,7395.68,0.88,E-commerce,Australia,0.0248,3.0,67.79
video - e-commerce,116011.0,5342.96,2024-10-14,2726.0,127,4188.78,0.78,E-commerce,UK,0.0235,1.96,42.07
Video - EdTech,132953.0,22529.88,2024-12-15,8163.0,130,16572.4,0.74,EdTech,UAE,0.0614,2.76,173.31
Display - Healthcare,175949.0,17343.52,2024-04-05,7108.0,75,22062.99,1.27,Healthcare,India,0.0404,2.44,231.25
Video - Healthcare,90096.0,15165.28,2024-11-11,4784.0,310,81015.37,5.34,Healthcare,UAE,0.0531,3.17,48.92
Video - E-commerce,48766.0,1800.24,2024-02-13,1731.0,44,12477.84,6.93,E-commerce,UK,0.0355,1.04,40.91
Search - E-commerce,197557.0,5104.68,2024-10-13,4326.0,259,39016.05,7.64,E-commerce,India,0.0219,1.18,19.71
Video - E-commerce,96178.0,14542.08,2024-05-14,4328.0,275,37193.1,2.56,E-commerce,Canada,0.045,3.36,52.88
Display - EdTech,89124.0,3303.36,2024-08-22,2664.0,198,52262.98,15.82,EdTech,Australia,0.0299,1.24,16.68
Video - Fintech,126404.0,1907.16,2024-12-13,2073.0,24,3807.61,2.0,Fintech,India,0.0164,0.92,79.47
Shopping - SaaS,154088.0,29503.44,2024-06-01,9106.0,294,42565.78,1.44,SaaS,UAE,0.0591,3.24,100.35
Search - E-commerce,144911.0,12872.11,2024-09-03,7897.0,555,21004.5,1.63,E-commerce,India,0.0545,1.63,23.19
search - fintech,180634.0,17284.41,2024-10-22,7821.0,581,136556.31,7.9,Fintech,UAE,0.0433,2.21,29.75
Search - E-commerce,28553.0,1751.0,2024-08-02,850.0,51,13010.72,7.43,E-commerce,USA,0.0298,2.06,34.33
Display - E-commerce,64757.0,5685.68,2024-06-30,3976.0,58,4380.33,0.77,E-commerce,India,0.0614,1.43,98.03
Video - Healthcare,133909.0,16312.32,2024-09-23,5664.0,117,11886.29,0.73,Healthcare,USA,0.0423,2.88,139.42
Shopping - Fintech,136354.0,4333.76,2024-09-15,3736.0,152,29811.83,6.88,Fintech,UAE,0.0274,1.16,28.51
Video - Healthcare,173678.0,24113.08,2024-07-28,11428.0,310,83080.36,3.45,Healthcare,India,0.0658,2.11,77.78
Display - Fintech,158481.0,9866.39,2024-10-25,6053.0,116,30091.81,3.05,Fintech,Australia,0.0382,1.63,85.06
Video - E-commerce,13605.0,624.0,2024-09-16,300.0,21,4495.51,7.2,E-commerce,UK,0.0221,2.08,29.71
Shopping - Healthcare,96575.0,11820.0,2024-06-24,4925.0,181,7335.74,0.62,Healthcare,UK,0.051,2.4,65.3
search - saas,6044.0,164.98,2024-03-06,146.0,5,611.36,3.71,SaaS,India,0.0242,1.13,33.0
Search - EdTech,151900.0,5849.7,2024-08-03,5270.0,291,47553.46,8.13,EdTech,USA,0.0347,1.11,20.1
Video - Healthcare,190826.0,21304.5,2024-07-22,12174.0,933,139478.01,6.55,Healthcare,USA,0.0638,1.75,22.83
Shopping - E-commerce,112992.0,8406.0,2024-04-03,2802.0,124,7395.68,0.88,E-commerce,Australia,0.0248,3.0,67.79
Shopping - EdTech,154058.0,9170.88,2024-12-11,3728.0,125,7520.81,0.82,EdTech,UK,0.0242,2.46,73.37
Video - Fintech,96658.0,9510.14,2024-06-08,2822.0,112,25060.16,2.64,Fintech,Germany,0.0292,3.37,84.91
Search - Fintech,6881.0,817.53,2024-07-05,357.0,5,872.75,1.07,Fintech,UK,0.052,2.29,163.51
Video - E-commerce,25080.0,2916.06,2024-01-07,1113.0,49,2232.61,0.77,E-commerce,Germany,0.0444,2.62,59.51
Search - SaaS,180590.0,7334.07,2024-10-30,4857.0,333,91782.77,12.51,SaaS,Australia,0.0269,1.51,22.02
Shopping - E-commerce,170732.0,6237.0,2024-11-09,7700.0,434,53677.08,8.61,E-commerce,UK,0.0451,0.81,14.37
display - healthcare,,,2024-01-21,,484,25632.04,1.07,Healthcare,Australia,0.0484,3.2,49.36
Shopping - SaaS,144535.0,23522.8,2024-12-07,7588.0,445,105358.98,4.48,SaaS,Canada,0.0525,3.1,52.86
search - healthcare,,,2024-01-11,,83,7504.87,1.1,Healthcare,Germany,0.0446,3.16,82.08
Video - E-commerce,43634.0,4610.06,2024-05-05,1937.0,58,15065.19,3.27,E-commerce,Canada,0.0444,2.38,79.48
