Campaign Name,Impressions,Amount Spent (USD),Reporting Starts,Link Clicks,Results,Revenue (USD),ROAS,Industry,Country,CTR,CPC,CPA
Video - Fintech,118252.0,1574.16,08/14/2024,3748.0,152,12838.56,8.16,Fintech,USA,0.0317,0.42,10.36
Display - EdTech,30939.0,552.83,04/17/2024,937.0,63,16531.03,29.9,EdTech,Germany,0.0303,0.59,8.78
video - e-commerce,98264.0,4904.64,04/22/2024,3144.0,129,23127.27,4.72,E-commerce,UAE,0.032,1.56,38.02
Video - Fintech,173229.0,8758.24,09/11/2024,5092.0,65,12320.17,1.41,Fintech,Canada,0.0294,1.72,134.74
Video - SaaS,147483.0,1218.66,05/26/2024,2138.0,159,42434.18,34.82,SaaS,Canada,0.0145,0.57,7.66
Video - SaaS,187957.0,9630.6,12/25/2024,4586.0,271,34433.97,3.58,SaaS,Canada,0.0244,2.1,35.54
Shopping - Fintech,185798.0,5300.1,07/04/2024,5889.0,400,41326.63,7.8,Fintech,USA,0.0317,0.9,13.25
Shopping - Healthcare,195710.0,2374.93,12/14/2024,4481.0,352,27223.39,11.46,Healthcare,India,0.0229,0.53,6.75
Shopping - SaaS,196962.0,10466.86,06/08/2024,5081.0,282,24196.95,2.31,SaaS,USA,0.0258,2.06,37.12
Video - E-commerce,191141.0,5477.19,12/26/2024,4453.0,72,8367.46,1.53,E-commerce,Canada,0.0233,1.23,76.07
display - fintech,,,11/16/2024,,193,28429.29,4.87,Fintech,UAE,0.0301,1.0,30.24
Video - E-commerce,104657.0,2860.59,01/12/2024,4029.0,204,10401.62,3.64,E-commerce,Canada,0.0385,0.71,14.02
Search - Healthcare,17763.0,1408.44,01/06/2024,726.0,30,1946.19,1.38,Healthcare,Australia,0.0409,1.94,46.95
Shopping - Healthcare,58682.0,2604.52,03/06/2024,1748.0,84,12746.65,4.89,Healthcare,UAE,0.0298,1.49,31.01
Shopping - Fintech,164096.0,1266.54,08/16/2024,1919.0,139,7181.17,5.67,Fintech,UAE,0.0117,0.66,9.11
Shopping - Healthcare,21389.0,752.8,08/10/2024,941.0,46,8479.43,11.26,Healthcare,Germany,0.044,0.8,16.37
Search - E-commerce,16246.0,891.52,08/12/2024,448.0,8,1955.09,2.19,E-commerce,USA,0.0276,1.99,111.44
Shopping - Fintech,15789.0,765.63,06/05/2024,423.0,7,1223.95,1.6,Fintech,Germany,0.0268,1.81,109.38
Search - EdTech,180399.0,4217.5,02/20/2024,6025.0,191,17456.79,4.14,EdTech,Australia,0.0334,0.7,22.08
Video - E-commerce,62545.0,1187.76,05/16/2024,606.0,37,5627.66,4.74,E-commerce,UAE,0.0097,1.96,32.1
Display - EdTech,67823.0,3797.25,07/07/2024,2075.0,26,4093.91,1.08,EdTech,Australia,0.0306,1.83,146.05
Display - E-commerce,164937.0,4809.24,06/23/2024,4453.0,129,35127.5,7.3,E-commerce,India,0.027,1.08,37.28
Search - EdTech,114575.0,1080.67,12/14/2024,2039.0,113,10656.96,9.86,EdTech,UK,0.0178,0.53,9.56
Video - Healthcare,58276.0,1762.67,10/08/2024,1183.0,89,20273.71,11.5,Healthcare,Germany,0.0203,1.49,19.81
Video - Fintech,91123.0,3651.11,08/16/2024,1567.0,64,5119.1,1.4,Fintech,Canada,0.0172,2.33,57.05
Shopping - Fintech,16344.0,406.8,05/28/2024,452.0,5,1102.53,2.71,Fintech,Australia,0.0277,0.9,81.36
Video - E-commerce,57375.0,1357.23,06/07/2024,843.0,40,9739.81,7.18,E-commerce,India,0.0147,1.61,33.93
Search - EdTech,90431.0,3150.1,09/28/2024,1853.0,57,14834.93,4.71,EdTech,USA,0.0205,1.7,55.26
Search - E-commerce,140566.0,3128.52,03/13/2024,5046.0,384,59980.19,19.17,E-commerce,USA,0.0359,0.62,8.15
Search - EdTech,133583.0,2570.1,02/28/2024,3954.0,255,31756.12,12.36,EdTech,Germany,0.0296,0.65,10.08
display - healthcare,88560.0,685.88,09/23/2024,1319.0,81,8584.02,12.52,Healthcare,UK,0.0149,0.52,8.47
shopping - fintech,,,08/24/2024,,233,45906.84,6.41,Fintech,UAE,0.0387,1.77,30.75
Shopping - EdTech,157499.0,2770.24,08/14/2024,1574.0,45,13465.06,4.86,EdTech,Canada,0.01,1.76,61.56
Search - E-commerce,46846.0,707.76,09/27/2024,983.0,11,2501.87,3.53,E-commerce,Australia,0.021,0.72,64.34
Shopping - EdTech,172516.0,4546.08,05/24/2024,6314.0,335,82096.8,18.06,EdTech,India,0.0366,0.72,13.57
Display - E-commerce,187099.0,2049.27,08/23/2024,2469.0,103,3413.17,1.67,E-commerce,India,0.0132,0.83,19.9
Display - EdTech,79441.0,1633.46,06/09/2024,3082.0,100,29391.59,17.99,EdTech,Germany,0.0388,0.53,16.33
Shopping - Fintech,182235.0,3734.78,01/07/2024,5047.0,260,53450.65,14.31,Fintech,Australia,0.0277,0.74,14.36
Video - SaaS,128629.0,2720.61,02/24/2024,2109.0,168,49256.62,18.1,SaaS,Canada,0.0164,1.29,16.19
Display - Fintech,21309.0,717.12,04/02/2024,432.0,15,4449.98,6.21,Fintech,Canada,0.0203,1.66,47.81
Search - EdTech,50893.0,1584.84,08/18/2024,1124.0,29,2707.5,1.71,EdTech,UK,0.0221,1.41,54.65
Search - EdTech,154381.0,3141.3,07/25/2024,1698.0,70,19750.24,6.29,EdTech,Germany,0.011,1.85,44.88
Video - Healthcare,6969.0,190.08,12/01/2024,176.0,10,2562.91,13.48,Healthcare,Germany,0.0253,1.08,19.01
Video - EdTech,43467.0,1882.9,01/19/2024,991.0,25,3146.23,1.67,EdTech,India,0.0228,1.9,75.32
video - fintech,66929.0,1862.19,12/07/2024,1539.0,38,9540.22,5.12,Fintech,Australia,0.023,1.21,49.01
Video - Healthcare,76229.0,1577.62,07/09/2024,1562.0,30,4290.5,2.72,Healthcare,Germany,0.0205,1.01,52.59
Shopping - Healthcare,161193.0,6734.92,07/14/2024,4916.0,377,91408.9,13.57,Healthcare,UK,0.0305,1.37,17.86
Search - Fintech,178063.0,832.95,03/27/2024,1851.0,64,7044.13,8.46,Fintech,UAE,0.0104,0.45,13.01
Display - SaaS,187051.0,12630.84,02/18/2024,6284.0,493,94906.46,7.51,SaaS,Canada,0.0336,2.01,25.62
Video - EdTech,152977.0,7412.85,01/11/2024,5491.0,147,9232.39,1.25,EdTech,UK,0.0359,1.35,50.43
Shopping - Fintech,88986.0,981.0,04/27/2024,1308.0,80,21439.34,21.85,Fintech,Australia,0.0147,0.75,12.26
Display - Healthcare,69429.0,3863.7,02/07/2024,2430.0,119,21584.01,5.59,Healthcare,UK,0.035,1.59,32.47
Display - SaaS,196675.0,7941.07,06/07/2024,4031.0,186,27686.79,3.49,SaaS,Canada,0.0205,1.97,42.69
Display - EdTech,150544.0,4913.0,12/24/2024,2890.0,170,47769.42,9.72,EdTech,Canada,0.0192,1.7,28.9
search - edtech,,,10/23/2024,,30,3133.33,3.47,EdTech,India,0.0163,0.37,30.06
display - saas,,,11/25/2024,,29,1746.46,3.34,SaaS,USA,0.0251,1.15,18.04
Video - EdTech,127775.0,2941.96,01/08/2024,3871.0,159,28717.22,9.76,EdTech,UK,0.0303,0.76,18.5
Search - EdTech,37994.0,1461.74,06/02/2024,1379.0,58,7343.12,5.02,EdTech,USA,0.0363,1.06,25.2
Video - EdTech,74615.0,2559.7,10/12/2024,2327.0,129,25496.94,9.96,EdTech,Germany,0.0312,1.1,19.84
Display - Fintech,151295.0,3417.54,03/31/2024,2163.0,85,3173.67,0.93,Fintech,Canada,0.0143,1.58,40.21
Display - E-commerce,28567.0,1688.31,09/11/2024,999.0,68,13037.25,7.72,E-commerce,Australia,0.035,1.69,24.83
Shopping - Healthcare,101019.0,4250.35,02/07/2024,2515.0,72,11353.12,2.67,Healthcare,Canada,0.0249,1.69,59.03
Search - E-commerce,22543.0,496.17,07/08/2024,333.0,12,642.18,1.29,E-commerce,India,0.0148,1.49,41.35
shopping - healthcare,,,02/28/2024,,64,17165.43,8.07,Healthcare,Canada,0.0089,2.0,33.25
Search - EdTech,158504.0,2105.71,08/27/2024,4897.0,255,54921.72,26.08,EdTech,UAE,0.0309,0.43,8.26
Video - Healthcare,79964.0,1591.09,12/22/2024,1487.0,22,3882.65,2.44,Healthcare,Australia,0.0186,1.07,72.32
Search - Healthcare,76155.0,4435.0,05/05/2024,3548.0,243,30659.34,6.91,Healthcare,Canada,0.0466,1.25,18.25
Search - EdTech,49789.0,1293.76,05/28/2024,622.0,48,7704.96,5.96,EdTech,India,0.0125,2.08,26.95
Display - EdTech,19743.0,773.75,02/22/2024,619.0,41,9219.46,11.92,EdTech,India,0.0314,1.25,18.87
shopping - saas,,,01/23/2024,,194,39560.54,8.96,SaaS,Australia,0.0331,1.47,22.75
Shopping - E-commerce,112692.0,4757.92,04/18/2024,2096.0,89,16587.58,3.49,E-commerce,Germany,0.0186,2.27,53.46
Video - E-commerce,59131.0,1482.0,06/30/2024,1425.0,66,19372.57,13.07,E-commerce,Germany,0.0241,1.04,22.45
search - edtech,,,11/02/2024,,379,73104.85,20.21,EdTech,Australia,0.032,0.72,9.54
Shopping - EdTech,117217.0,2751.57,01/04/2024,2133.0,129,25455.36,9.25,EdTech,UK,0.0182,1.29,21.33
Display - SaaS,10939.0,133.34,01/05/2024,113.0,6,1684.43,12.63,SaaS,USA,0.0104,1.18,22.22
Shopping - Healthcare,73323.0,3296.88,01/10/2024,1928.0,121,33634.99,10.2,Healthcare,UAE,0.0263,1.71,27.25
shopping - e-commerce,167917.0,3747.6,12/22/2024,6246.0,413,25997.62,6.94,E-commerce,Canada,0.0372,0.6,9.07
Video - Fintech,27931.0,924.16,09/04/2024,608.0,10,1389.72,1.5,Fintech,India,0.0218,1.52,92.42
display - edtech,131155.0,5024.48,08/06/2024,4052.0,209,15982.2,3.18,EdTech,USA,0.0309,1.24,24.04
Video - E-commerce,74212.0,2230.88,09/27/2024,1528.0,85,21331.58,9.56,E-commerce,Germany,0.0206,1.46,26.25
Video - Healthcare,102088.0,3271.13,12/23/2024,4481.0,316,87569.74,26.77,Healthcare,India,0.0439,0.73,10.35
display - e-commerce,,,07/27/2024,,70,3191.14,1.48,E-commerce,India,0.0346,0.83,30.88
Shopping - EdTech,81848.0,2185.26,11/08/2024,1694.0,58,7573.87,3.47,EdTech,Germany,0.0207,1.29,37.68
Display - EdTech,115986.0,2008.36,10/26/2024,1357.0,79,8002.44,3.98,EdTech,UK,0.0117,1.48,25.42
Video - E-commerce,16094.0,1410.64,02/17/2024,616.0,40,8923.08,6.33,E-commerce,Germany,0.0383,2.29,35.27
Video - Fintech,182718.0,3478.88,06/03/2024,2558.0,124,28756.15,8.27,Fintech,UAE,0.014,1.36,28.06
Shopping - SaaS,24404.0,433.1,01/13/2024,710.0,10,923.15,2.13,SaaS,India,0.0291,0.61,43.31
Search - EdTech,151480.0,5178.84,02/08/2024,2514.0,72,4076.45,0.79,EdTech,UK,0.0166,2.06,71.93
Search - EdTech,199472.0,6977.52,05/06/2024,5286.0,192,17789.77,2.55,EdTech,USA,0.0265,1.32,36.34
Display - E-commerce,175591.0,2580.16,12/24/2024,5864.0,333,52097.57,20.19,E-commerce,India,0.0334,0.44,7.75
video - saas,98079.0,7032.68,09/06/2024,3226.0,44,1401.71,0.2,SaaS,Canada,0.0329,2.18,159.83
Display - Healthcare,73309.0,1393.8,08/14/2024,2323.0,39,1966.71,1.41,Healthcare,Germany,0.0317,0.6,35.74
Display - Healthcare,188804.0,11060.7,11/05/2024,5267.0,64,10138.3,0.92,Healthcare,Australia,0.0279,2.1,172.82
Display - Fintech,80139.0,3848.88,05/25/2024,2436.0,37,4653.12,1.21,Fintech,UK,0.0304,1.58,104.02
Shopping - SaaS,51999.0,1116.0,12/25/2024,930.0,13,1777.36,1.59,SaaS,Germany,0.0179,1.2,85.85
Search - Fintech,194073.0,11422.8,08/17/2024,6346.0,168,9921.38,0.87,Fintech,India,0.0327,1.8,67.99
Shopping - EdTech,121477.0,898.66,05/20/2024,1834.0,98,10542.66,11.73,EdTech,Germany,0.0151,0.49,9.17
Video - EdTech,46743.0,1218.4,08/11/2024,1523.0,51,5825.03,4.78,EdTech,UK,0.0326,0.8,23.89
Display - EdTech,69892.0,2223.78,04/05/2024,2851.0,52,11407.42,5.13,EdTech,USA,0.0408,0.78,42.77
Display - E-commerce,12452.0,344.4,07/12/2024,280.0,18,4734.22,13.75,E-commerce,India,0.0225,1.23,19.13
Search - Healthcare,156317.0,4206.04,04/04/2024,5924.0,464,64623.96,15.36,Healthcare,India,0.0379,0.71,9.06
shopping - edtech,84526.0,974.16,10/02/2024,2214.0,117,30360.22,31.17,EdTech,UAE,0.0262,0.44,8.33
Display - Fintech,163124.0,3888.43,08/02/2024,4273.0,239,71554.77,18.4,Fintech,Germany,0.0262,0.91,16.27
Display - EdTech,150486.0,7538.3,06/21/2024,6230.0,243,55217.61,7.32,EdTech,UAE,0.0414,1.21,31.02
Display - SaaS,74922.0,1759.56,07/07/2024,1333.0,95,17171.74,9.76,SaaS,USA,0.0178,1.32,18.52
Video - SaaS,46850.0,1553.14,03/08/2024,983.0,38,10968.52,7.06,SaaS,Canada,0.021,1.58,40.87
Shopping - EdTech,17720.0,404.67,04/28/2024,287.0,4,597.18,1.48,EdTech,Canada,0.0162,1.41,101.17
Video - E-commerce,61652.0,3345.92,11/29/2024,2614.0,133,20303.14,6.07,E-commerce,Germany,0.0424,1.28,25.16
Display - EdTech,194933.0,8229.62,07/06/2024,4054.0,197,9992.76,1.21,EdTech,USA,0.0208,2.03,41.77
Video - Fintech,103162.0,1440.45,03/28/2024,1485.0,35,5899.5,4.1,Fintech,UAE,0.0144,0.97,41.16
video - fintech,143421.0,3046.12,01/16/2024,3542.0,181,26273.04,8.63,Fintech,USA,0.0247,0.86,16.83
Shopping - Fintech,71537.0,2984.85,10/13/2024,1809.0,57,6227.5,2.09,Fintech,Australia,0.0253,1.65,52.37
Video - SaaS,168402.0,4451.45,03/22/2024,5237.0,188,43774.92,9.83,SaaS,Canada,0.0311,0.85,23.68
Video - Fintech,76916.0,1960.31,09/02/2024,2761.0,64,14368.24,7.33,Fintech,Canada,0.0359,0.71,30.63
Video - E-commerce,150631.0,10957.12,02/17/2024,5648.0,111,21671.9,1.98,E-commerce,Canada,0.0375,1.94,98.71
Shopping - Healthcare,150698.0,2336.31,09/01/2024,4581.0,285,32525.45,13.92,Healthcare,UAE,0.0304,0.51,8.2
Search - E-commerce,110603.0,1640.13,08/03/2024,2377.0,62,2761.12,1.68,E-commerce,USA,0.0215,0.69,26.45
Search - Healthcare,167002.0,6232.98,07/16/2024,3406.0,76,10328.31,1.66,Healthcare,UK,0.0204,1.83,82.01
Display - Fintech,53128.0,2533.78,04/14/2024,1678.0,66,19225.18,7.59,Fintech,Australia,0.0316,1.51,38.39
Video - EdTech,65942.0,2146.2,02/01/2024,2044.0,48,6784.27,3.16,EdTech,USA,0.031,1.05,44.71
Search - E-commerce,79462.0,1811.04,06/05/2024,2058.0,146,7813.85,4.31,E-commerce,India,0.0259,0.88,12.4
Display - SaaS,151864.0,7365.02,04/01/2024,4358.0,175,45340.29,6.16,SaaS,India,0.0287,1.69,42.09
Shopping - E-commerce,107489.0,3521.0,10/25/2024,2515.0,166,18411.15,5.23,E-commerce,India,0.0234,1.4,21.21
Video - EdTech,138639.0,3967.2,01/02/2024,2204.0,154,35803.07,9.02,EdTech,USA,0.0159,1.8,25.76
Shopping - Fintech,26751.0,943.77,04/29/2024,489.0,8,791.56,0.84,Fintech,UK,0.0183,1.93,117.97
Video - SaaS,173337.0,6473.67,09/02/2024,3189.0,224,43055.91,6.65,SaaS,UAE,0.0184,2.03,28.9
Shopping - SaaS,99948.0,1444.56,07/28/2024,1389.0,67,4987.6,3.45,SaaS,Canada,0.0139,1.04,21.56
Display - E-commerce,176459.0,7009.7,01/27/2024,3670.0,65,2483.8,0.35,E-commerce,Australia,0.0208,1.91,107.84
Shopping - SaaS,49980.0,3294.72,09/02/2024,1664.0,37,6236.77,1.89,SaaS,Australia,0.0333,1.98,89.05
Video - Healthcare,98944.0,2627.0,01/07/2024,1850.0,78,17285.68,6.58,Healthcare,Germany,0.0187,1.42,33.68
Search - E-commerce,8626.0,273.46,08/08/2024,242.0,18,3013.54,11.02,E-commerce,India,0.0281,1.13,15.19
display - e-commerce,,,01/05/2024,,32,4757.82,6.85,E-commerce,Germany,0.0178,0.44,21.71
Video - EdTech,29502.0,972.44,06/20/2024,604.0,30,5842.59,6.01,EdTech,Germany,0.0205,1.61,32.41
Shopping - Healthcare,111802.0,3707.55,07/14/2024,2247.0,163,6163.84,1.66,Healthcare,USA,0.0201,1.65,22.75
Video - EdTech,174579.0,4318.51,05/12/2024,3247.0,187,41760.07,9.67,EdTech,UK,0.0186,1.33,23.09
Video - SaaS,83137.0,2065.45,02/14/2024,2045.0,37,1798.59,0.87,SaaS,India,0.0246,1.01,55.82
Search - Healthcare,122897.0,1570.8,01/04/2024,2040.0,159,45753.83,29.13,Healthcare,UK,0.0166,0.77,9.88
Shopping - SaaS,125871.0,5302.76,02/26/2024,3083.0,185,27759.15,5.23,SaaS,USA,0.0245,1.72,28.66
Display - SaaS,70030.0,2469.6,05/07/2024,1470.0,90,9384.9,3.8,SaaS,UAE,0.021,1.68,27.44
Video - EdTech,149375.0,13317.62,01/03/2024,6109.0,89,22418.8,1.68,EdTech,India,0.0409,2.18,149.64
Search - Fintech,123171.0,6986.16,06/07/2024,3756.0,52,7553.6,1.08,Fintech,Canada,0.0305,1.86,134.35
Search - SaaS,52779.0,649.64,03/16/2024,596.0,35,3583.95,5.52,SaaS,UK,0.0113,1.09,18.56
Search - Fintech,165371.0,4519.43,04/26/2024,2993.0,32,8918.68,1.97,Fintech,USA,0.0181,1.51,141.23
Search - Healthcare,164876.0,4306.8,10/08/2024,5820.0,463,73917.74,17.16,Healthcare,USA,0.0353,0.74,9.3
Display - SaaS,163253.0,907.29,05/13/2024,1779.0,121,18762.73,20.68,SaaS,USA,0.0109,0.51,7.5
Shopping - Fintech,120631.0,1179.64,10/04/2024,1532.0,114,25286.78,21.44,Fintech,India,0.0127,0.77,10.35
Display - Fintech,12610.0,130.02,04/29/2024,197.0,11,2637.16,20.28,Fintech,Australia,0.0157,0.66,11.82
Video - Healthcare,62676.0,1439.9,01/12/2024,595.0,32,1319.08,0.92,Healthcare,UK,0.0095,2.42,45.0
Display - SaaS,78302.0,441.0,10/20/2024,900.0,52,6354.23,14.41,SaaS,USA,0.0115,0.49,8.48
Shopping - SaaS,127872.0,1742.27,06/17/2024,2953.0,150,15282.38,8.77,SaaS,India,0.0231,0.59,11.62
Video - EdTech,104976.0,1881.76,03/06/2024,1238.0,16,4162.98,2.21,EdTech,USA,0.0118,1.52,117.61
Display - E-commerce,25991.0,469.68,08/28/2024,309.0,14,2306.63,4.91,E-commerce,Canada,0.0119,1.52,33.55
Video - EdTech,140453.0,4592.17,10/31/2024,4213.0,56,4347.77,0.95,EdTech,UAE,0.03,1.09,82.0
Display - SaaS,152680.0,13049.4,09/14/2024,6214.0,283,13261.37,1.02,SaaS,USA,0.0407,2.1,46.11
Search - E-commerce,116030.0,3759.3,11/28/2024,4177.0,188,8691.11,2.31,E-commerce,UK,0.036,0.9,20.0
Display - E-commerce,29485.0,1890.81,05/10/2024,1341.0,46,4626.55,2.45,E-commerce,UAE,0.0455,1.41,41.1
Search - E-commerce,177224.0,3727.18,05/06/2024,2374.0,142,18303.42,4.91,E-commerce,USA,0.0134,1.57,26.25
Video - Healthcare,46548.0,1622.85,08/05/2024,1047.0,28,7800.92,4.81,Healthcare,USA,0.0225,1.55,57.96
search - healthcare,6875.0,289.14,12/08/2024,158.0,2,386.94,1.34,Healthcare,USA,0.0231,1.83,144.57
Shopping - SaaS,52013.0,1611.95,06/02/2024,1565.0,23,6481.69,4.02,SaaS,Canada,0.0301,1.03,70.08
Shopping - Healthcare,106505.0,1839.6,04/15/2024,1022.0,27,2467.18,1.34,Healthcare,UK,0.0096,1.8,68.13
Video - EdTech,33549.0,930.24,04/14/2024,1224.0,89,26101.34,28.06,EdTech,USA,0.0365,0.76,10.45
Video - EdTech,27419.0,2181.36,11/12/2024,1192.0,38,5935.39,2.72,EdTech,Germany,0.0435,1.83,57.4
Video - E-commerce,129746.0,8852.71,11/14/2024,4891.0,117,26101.17,2.95,E-commerce,India,0.0377,1.81,75.66
Search - EdTech,14491.0,440.3,05/18/2024,259.0,3,260.32,0.59,EdTech,UAE,0.0179,1.7,146.77
shopping - fintech,156043.0,5955.74,03/13/2024,4478.0,193,22322.38,3.75,Fintech,UAE,0.0287,1.33,30.86
Video - Fintech,7402.0,189.28,10/09/2024,91.0,6,1105.17,5.84,Fintech,UK,0.0124,2.08,31.55
Display - Healthcare,92793.0,466.57,03/07/2024,1261.0,80,13024.34,27.92,Healthcare,Australia,0.0136,0.37,5.83
Shopping - Healthcare,134614.0,5678.2,07/10/2024,3190.0,188,41736.54,7.35,Healthcare,India,0.0237,1.78,30.2
Search - Fintech,165552.0,9628.14,07/14/2024,4337.0,132,21448.35,2.23,Fintech,Australia,0.0262,2.22,72.94
Video - EdTech,82271.0,1766.44,08/18/2024,3397.0,36,6412.73,3.63,EdTech,UK,0.0413,0.52,49.07
Search - Healthcare,30457.0,351.48,12/12/2024,606.0,34,4981.94,14.17,Healthcare,Australia,0.0199,0.58,10.34
Shopping - E-commerce,11083.0,160.19,03/30/2024,193.0,11,912.82,5.7,E-commerce,USA,0.0175,0.83,14.56
Display - EdTech,6074.0,193.28,04/25/2024,128.0,5,1253.71,6.49,EdTech,UAE,0.0212,1.51,38.66
video - healthcare,141313.0,5000.1,02/10/2024,4762.0,207,26737.15,5.35,Healthcare,UK,0.0337,1.05,24.16
Display - E-commerce,104714.0,943.95,03/17/2024,1015.0,78,20952.03,22.2,E-commerce,Australia,0.0097,0.93,12.1
shopping - e-commerce,34048.0,1006.3,08/14/2024,694.0,49,12555.06,12.48,E-commerce,Canada,0.0204,1.45,20.54
video - healthcare,,,09/22/2024,,45,2243.79,2.65,Healthcare,UK,0.0382,1.43,18.84
Video - E-commerce,170413.0,2794.56,02/09/2024,3936.0,63,12671.79,4.53,E-commerce,India,0.0231,0.71,44.36
Search - E-commerce,125725.0,1333.26,10/14/2024,1646.0,19,2319.58,1.74,E-commerce,UK,0.0131,0.81,70.17
Shopping - SaaS,177905.0,5421.36,08/13/2024,5532.0,370,14673.05,2.71,SaaS,USA,0.0311,0.98,14.65
video - e-commerce,,,08/16/2024,,143,36419.79,23.54,E-commerce,Canada,0.0221,0.57,10.82
Video - Healthcare,36017.0,1222.1,06/17/2024,1210.0,28,1258.31,1.03,Healthcare,Germany,0.0336,1.01,43.65
Display - EdTech,97152.0,624.24,01/04/2024,1156.0,43,4965.75,7.95,EdTech,India,0.0119,0.54,14.52
Shopping - E-commerce,33834.0,797.28,09/03/2024,906.0,23,2361.23,2.96,E-commerce,USA,0.0268,0.88,34.66
Search - Fintech,199405.0,4995.84,08/31/2024,5204.0,333,25169.83,5.04,Fintech,UAE,0.0261,0.96,15.0
Search - E-commerce,102780.0,2342.4,11/24/2024,1952.0,63,16160.9,6.9,E-commerce,USA,0.019,1.2,37.18
Search - E-commerce,189598.0,13279.27,09/05/2024,6673.0,170,36177.68,2.72,E-commerce,UK,0.0352,1.99,78.11
Shopping - Healthcare,19588.0,768.18,11/19/2024,434.0,5,560.03,0.73,Healthcare,Canada,0.0222,1.77,153.64
Search - Healthcare,73447.0,3457.44,09/12/2024,2401.0,93,11150.38,3.23,Healthcare,UAE,0.0327,1.44,37.18
Search - Healthcare,55867.0,3328.38,10/17/2024,1681.0,32,3790.94,1.14,Healthcare,UAE,0.0301,1.98,104.01
Shopping - Healthcare,147897.0,4159.36,01/20/2024,2144.0,24,3826.61,0.92,Healthcare,UK,0.0145,1.94,173.31
Display - Healthcare,115379.0,12372.94,09/13/2024,5134.0,391,109895.16,8.88,Healthcare,Germany,0.0445,2.41,31.64
Shopping - Healthcare,84830.0,5171.76,01/18/2024,2612.0,84,6284.59,1.22,Healthcare,UAE,0.0308,1.98,61.57
Shopping - Healthcare,119427.0,2211.78,05/21/2024,1146.0,27,5094.36,2.3,Healthcare,Germany,0.0096,1.93,81.92
Display - Healthcare,152996.0,5613.44,10/29/2024,3136.0,82,6472.17,1.15,Healthcare,Australia,0.0205,1.79,68.46
Search - E-commerce,36127.0,677.1,02/29/2024,610.0,45,6906.4,10.2,E-commerce,UAE,0.0169,1.11,15.05
Search - E-commerce,91332.0,2445.3,04/01/2024,3762.0,125,31285.11,12.79,E-commerce,UK,0.0412,0.65,19.56
Search - Healthcare,77746.0,2975.44,04/29/2024,2861.0,82,21523.93,7.23,Healthcare,USA,0.0368,1.04,36.29
Video - Fintech,37599.0,1592.5,09/15/2024,1225.0,73,19164.89,12.03,Fintech,Germany,0.0326,1.3,21.82
Video - Healthcare,140431.0,802.88,08/30/2024,1544.0,74,2904.54,3.62,Healthcare,Germany,0.011,0.52,10.85
Display - E-commerce,168947.0,8749.4,08/01/2024,4510.0,179,48341.14,5.53,E-commerce,USA,0.0267,1.94,48.88
Shopping - E-commerce,165322.0,7835.17,11/20/2024,4529.0,167,38358.92,4.9,E-commerce,Germany,0.0274,1.73,46.92
Video - Healthcare,149542.0,2596.88,12/13/2024,2497.0,70,12612.87,4.86,Healthcare,India,0.0167,1.04,37.1
Video - Healthcare,20021.0,725.34,09/17/2024,462.0,20,4554.08,6.28,Healthcare,UK,0.0231,1.57,36.27
Display - EdTech,171020.0,1151.04,01/14/2024,2616.0,41,9636.88,8.37,EdTech,India,0.0153,0.44,28.07
Display - SaaS,49134.0,820.8,12/30/2024,1026.0,16,1025.05,1.25,SaaS,Australia,0.0209,0.8,51.3
Video - Fintech,198581.0,3493.6,10/08/2024,1985.0,38,8029.71,2.3,Fintech,UK,0.01,1.76,91.94
Video - EdTech,90818.0,2629.6,04/04/2024,3287.0,123,11242.68,4.28,EdTech,USA,0.0362,0.8,21.38
display - healthcare,113668.0,4496.48,03/29/2024,2864.0,81,6109.21,1.36,Healthcare,USA,0.0252,1.57,55.51
shopping - healthcare,76880.0,2121.64,06/21/2024,1798.0,91,8926.11,4.21,Healthcare,Australia,0.0234,1.18,23.31
Video - Fintech,61387.0,3360.72,03/27/2024,1608.0,96,12312.27,3.66,Fintech,Canada,0.0262,2.09,35.01
Shopping - EdTech,48271.0,2293.08,02/03/2024,1182.0,30,2529.5,1.1,EdTech,UK,0.0245,1.94,76.44
Video - E-commerce,83678.0,4583.26,05/20/2024,2761.0,35,4630.48,1.01,E-commerce,USA,0.033,1.66,130.95
Search - Healthcare,36153.0,1481.76,09/03/2024,882.0,62,16744.05,11.3,Healthcare,Germany,0.0244,1.68,23.9
Search - Healthcare,140372.0,6549.12,06/14/2024,4548.0,125,23552.19,3.6,Healthcare,USA,0.0324,1.44,52.39
Shopping - Healthcare,117200.0,3296.06,07/11/2024,1699.0,113,30970.48,9.4,Healthcare,Canada,0.0145,1.94,29.17
Search - E-commerce,199363.0,3462.3,08/19/2024,3847.0,73,11133.49,3.22,E-commerce,Canada,0.0193,0.9,47.43
Video - SaaS,59160.0,958.0,04/29/2024,958.0,35,7848.99,8.19,SaaS,Australia,0.0162,1.0,27.37
Display - SaaS,186711.0,4493.84,10/03/2024,7748.0,536,89187.58,19.85,SaaS,USA,0.0415,0.58,8.38
shopping - saas,,,10/04/2024,,7,2000.84,9.17,SaaS,UK,0.0196,2.02,31.17
Search - E-commerce,8188.0,315.52,08/08/2024,272.0,14,3745.84,11.87,E-commerce,UAE,0.0333,1.16,22.54
Shopping - EdTech,171797.0,2782.62,03/06/2024,5153.0,255,52673.17,18.93,EdTech,Germany,0.03,0.54,10.91
Search - EdTech,108591.0,4501.44,10/18/2024,2084.0,31,6469.19,1.44,EdTech,USA,0.0192,2.16,145.21
Shopping - EdTech,68472.0,3589.38,05/11/2024,2601.0,63,17508.47,4.88,EdTech,UK,0.038,1.38,56.97
Display - SaaS,193946.0,14844.06,10/22/2024,7854.0,461,86871.54,5.85,SaaS,Germany,0.0405,1.89,32.2
Display - SaaS,51365.0,611.1,07/27/2024,873.0,19,2655.69,4.35,SaaS,UK,0.017,0.7,32.16
Display - Healthcare,124004.0,3145.33,02/04/2024,2083.0,49,9959.37,3.17,Healthcare,Australia,0.0168,1.51,64.19
Display - Healthcare,113957.0,7008.64,05/09/2024,3008.0,127,17960.45,2.56,Healthcare,Germany,0.0264,2.33,55.19
Video - Fintech,12253.0,360.36,05/21/2024,468.0,9,1433.96,3.98,Fintech,UAE,0.0382,0.77,40.04
Shopping - SaaS,140678.0,11705.85,11/29/2024,5655.0,154,7932.09,0.68,SaaS,India,0.0402,2.07,76.01
shopping - e-commerce,,,07/19/2024,,193,7460.79,1.6,E-commerce,India,0.0177,1.36,24.2
Search - E-commerce,129494.0,3490.34,02/25/2024,1631.0,108,28288.04,8.1,E-commerce,UK,0.0126,2.14,32.32
Video - E-commerce,118566.0,4193.43,02/17/2024,3711.0,58,14643.53,3.49,E-commerce,USA,0.0313,1.13,72.3
Shopping - Healthcare,199451.0,5105.92,09/25/2024,3989.0,110,8236.16,1.61,Healthcare,Germany,0.02,1.28,46.42
Video - E-commerce,196386.0,5503.14,08/28/2024,6794.0,506,34412.06,6.25,E-commerce,UAE,0.0346,0.81,10.88
Shopping - Healthcare,186949.0,1884.0,11/08/2024,3140.0,186,30294.1,16.08,Healthcare,Australia,0.0168,0.6,10.13
Video - E-commerce,85989.0,1684.93,07/16/2024,997.0,37,4865.84,2.89,E-commerce,USA,0.0116,1.69,45.54
Shopping - Fintech,35755.0,1046.4,02/16/2024,654.0,40,11846.71,11.32,Fintech,Canada,0.0183,1.6,26.16
Video - Fintech,184298.0,12024.9,10/25/2024,7758.0,351,91198.92,7.58,Fintech,UK,0.0421,1.55,34.26
Video - SaaS,22878.0,625.19,03/17/2024,619.0,43,8615.57,13.78,SaaS,India,0.0271,1.01,14.54
Search - Fintech,151539.0,7082.75,11/16/2024,3455.0,135,4666.78,0.66,Fintech,UK,0.0228,2.05,52.46
Video - Fintech,30168.0,496.8,08/22/2024,1080.0,34,5163.27,10.39,Fintech,Australia,0.0358,0.46,14.61
Display - EdTech,64799.0,1473.5,05/20/2024,842.0,52,15157.93,10.29,EdTech,UK,0.013,1.75,28.34
Shopping - E-commerce,167893.0,2570.56,01/16/2024,4432.0,66,15989.78,6.22,E-commerce,UK,0.0264,0.58,38.95
Video - EdTech,138678.0,3423.8,10/25/2024,1802.0,61,2147.03,0.63,EdTech,Canada,0.013,1.9,56.13
Search - EdTech,73513.0,4602.06,08/28/2024,2073.0,31,3401.33,0.74,EdTech,USA,0.0282,2.22,148.45
search - e-commerce,,,06/16/2024,,254,21909.38,3.8,E-commerce,Australia,0.0322,1.31,22.69
Display - E-commerce,56986.0,1181.1,06/04/2024,1270.0,13,3679.26,3.12,E-commerce,India,0.0223,0.93,90.85
display - saas,,,02/20/2024,,250,22027.39,3.19,SaaS,UK,0.0258,1.8,27.65
Shopping - EdTech,155555.0,7111.4,10/08/2024,4588.0,332,12719.4,1.79,EdTech,UAE,0.0295,1.55,21.42
Display - SaaS,198979.0,3551.3,10/11/2024,2089.0,66,7694.86,2.17,SaaS,Germany,0.0105,1.7,53.81
Search - E-commerce,186740.0,2341.92,12/04/2024,4182.0,47,8643.08,3.69,E-commerce,India,0.0224,0.56,49.83
Search - Healthcare,125155.0,5623.92,08/31/2024,5256.0,247,26802.91,4.77,Healthcare,UK,0.042,1.07,22.77
Shopping - Fintech,52940.0,1921.5,06/26/2024,1281.0,37,8409.06,4.38,Fintech,USA,0.0242,1.5,51.93
Video - Fintech,8512.0,160.64,12/10/2024,251.0,11,1671.09,10.4,Fintech,UK,0.0296,0.64,14.6
Shopping - EdTech,83591.0,4198.32,06/17/2024,2499.0,84,18620.43,4.44,EdTech,Australia,0.0299,1.68,49.98
Video - SaaS,176250.0,4032.6,01/12/2024,6204.0,312,84311.3,20.91,SaaS,Australia,0.0352,0.65,12.92
Shopping - EdTech,184729.0,2327.4,01/04/2024,2586.0,201,16864.93,7.25,EdTech,UK,0.014,0.9,11.58
Shopping - E-commerce,62033.0,2933.7,01/17/2024,2667.0,135,14288.2,4.87,E-commerce,Germany,0.043,1.1,21.73
Display - EdTech,8599.0,167.7,09/27/2024,258.0,6,594.69,3.55,EdTech,India,0.0301,0.65,27.95
Shopping - SaaS,39723.0,1060.2,11/03/2024,1116.0,14,582.59,0.55,SaaS,India,0.0281,0.95,75.73
Video - Fintech,51698.0,2561.72,01/10/2024,1307.0,91,15551.2,6.07,Fintech,Australia,0.0253,1.96,28.15
Search - EdTech,87911.0,535.68,12/17/2024,1116.0,61,16688.84,31.15,EdTech,USA,0.0127,0.48,8.78
search - saas,9521.0,419.49,09/15/2024,237.0,17,1502.31,3.58,SaaS,Canada,0.0249,1.77,24.68
Video - EdTech,151729.0,8308.35,08/21/2024,4491.0,228,48165.44,5.8,EdTech,UK,0.0296,1.85,36.44
Shopping - Healthcare,160136.0,2632.4,10/12/2024,6581.0,393,81942.57,31.13,Healthcare,UAE,0.0411,0.4,6.7
Shopping - Healthcare,130611.0,1611.11,05/23/2024,2207.0,44,9567.41,5.94,Healthcare,UK,0.0169,0.73,36.62
Search - SaaS,172967.0,10433.28,11/29/2024,5016.0,331,75767.62,7.26,SaaS,Germany,0.029,2.08,31.52
Shopping - SaaS,46291.0,1442.48,12/25/2024,1976.0,74,2307.39,1.6,SaaS,UK,0.0427,0.73,19.49
Search - Healthcare,177593.0,1430.69,01/26/2024,1811.0,128,17092.48,11.95,Healthcare,USA,0.0102,0.79,11.18
display - saas,26159.0,1180.82,04/28/2024,782.0,52,8689.29,7.36,SaaS,UAE,0.0299,1.51,22.71
Display - EdTech,184541.0,5268.36,02/06/2024,3063.0,215,16566.88,3.14,EdTech,India,0.0166,1.72,24.5
Video - E-commerce,196373.0,4458.24,08/31/2024,5184.0,173,36583.06,8.21,E-commerce,UAE,0.0264,0.86,25.77
Search - EdTech,113269.0,4868.46,01/15/2024,3182.0,185,53909.5,11.07,EdTech,Germany,0.0281,1.53,26.32
Video - SaaS,194137.0,6362.4,07/11/2024,2640.0,49,6668.85,1.05,SaaS,UK,0.0136,2.41,129.84
Video - E-commerce,60919.0,3313.29,08/31/2024,1851.0,131,19210.72,5.8,E-commerce,UAE,0.0304,1.79,25.29
search - edtech,,,03/15/2024,,308,62119.33,14.14,EdTech,Germany,0.0363,1.03,14.27
Video - E-commerce,196929.0,3096.6,05/31/2024,2382.0,143,38447.59,12.42,E-commerce,Germany,0.0121,1.3,21.65
Display - E-commerce,92844.0,5931.37,09/28/2024,3277.0,63,10318.61,1.74,E-commerce,UAE,0.0353,1.81,94.15
Search - EdTech,110977.0,1867.14,10/08/2024,2829.0,48,10643.48,5.7,EdTech,Germany,0.0255,0.66,38.9
search - fintech,,,06/19/2024,,302,21392.38,2.38,Fintech,UAE,0.0254,2.31,29.82
Display - EdTech,108152.0,3060.0,12/30/2024,4250.0,160,12452.25,4.07,EdTech,USA,0.0393,0.72,19.12
Search - E-commerce,63528.0,1059.39,02/01/2024,711.0,23,4567.68,4.31,E-commerce,UK,0.0112,1.49,46.06
Display - SaaS,14815.0,103.95,12/06/2024,189.0,3,142.69,1.37,SaaS,Canada,0.0128,0.55,34.65
Shopping - SaaS,58968.0,2555.35,08/04/2024,1715.0,127,13332.87,5.22,SaaS,Canada,0.0291,1.49,20.12
Display - Healthcare,196432.0,2600.4,09/15/2024,6501.0,462,52195.74,20.07,Healthcare,UAE,0.0331,0.4,5.63
Display - Fintech,140793.0,4386.72,07/13/2024,2886.0,141,12104.44,2.76,Fintech,India,0.0205,1.52,31.11
Search - Fintech,8970.0,183.6,07/24/2024,306.0,22,4976.05,27.1,Fintech,Canada,0.0342,0.6,8.35
Display - Fintech,177825.0,3342.3,12/18/2024,4285.0,163,29602.7,8.86,Fintech,Germany,0.0241,0.78,20.5
Display - SaaS,122512.0,8338.88,12/07/2024,4532.0,61,5305.8,0.64,SaaS,UAE,0.037,1.84,136.7
Display - E-commerce,100561.0,5255.59,10/27/2024,3781.0,124,34626.86,6.59,E-commerce,UK,0.0376,1.39,42.38
video - e-commerce,93257.0,2547.6,07/25/2024,1930.0,102,26767.95,10.51,E-commerce,Germany,0.0207,1.32,24.98
Search - SaaS,161738.0,8376.36,02/18/2024,5046.0,258,29417.67,3.51,SaaS,UAE,0.0312,1.66,32.47
Shopping - Healthcare,46516.0,455.48,05/07/2024,772.0,39,4874.74,10.7,Healthcare,Australia,0.0166,0.59,11.68
Shopping - Healthcare,88470.0,2434.41,10/30/2024,2459.0,165,44145.0,18.13,Healthcare,Canada,0.0278,0.99,14.75
Display - Fintech,125424.0,1817.76,10/14/2024,3787.0,253,36320.54,19.98,Fintech,India,0.0302,0.48,7.18
Shopping - E-commerce,49864.0,3629.5,05/08/2024,2074.0,73,14018.44,3.86,E-commerce,Germany,0.0416,1.75,49.72
search - saas,,,09/23/2024,,7,672.01,0.97,SaaS,India,0.0118,2.01,99.35
Video - Healthcare,57776.0,1758.2,01/30/2024,1490.0,107,22435.51,12.76,Healthcare,Australia,0.0258,1.18,16.43
Shopping - SaaS,178916.0,7273.42,09/25/2024,4723.0,147,29612.74,4.07,SaaS,UAE,0.0264,1.54,49.48
Search - Fintech,34778.0,1099.8,12/15/2024,705.0,35,2280.29,2.07,Fintech,Canada,0.0203,1.56,31.42
Display - Fintech,91706.0,2772.0,06/19/2024,1650.0,80,8391.32,3.03,Fintech,UAE,0.018,1.68,34.65
Display - EdTech,7056.0,186.14,09/16/2024,227.0,6,1653.16,8.88,EdTech,Germany,0.0322,0.82,31.02
Display - E-commerce,161646.0,5253.0,01/21/2024,5253.0,228,43732.39,8.33,E-commerce,Germany,0.0325,1.0,23.04
Search - SaaS,198074.0,3527.63,03/21/2024,5783.0,263,60037.86,17.02,SaaS,India,0.0292,0.61,13.41
Search - Healthcare,20993.0,746.24,05/21/2024,583.0,45,4493.83,6.02,Healthcare,Germany,0.0278,1.28,16.58
Search - Healthcare,46936.0,1764.86,12/08/2024,2234.0,55,5977.87,3.39,Healthcare,UK,0.0476,0.79,32.09
Shopping - E-commerce,119053.0,4040.0,04/16/2024,4000.0,152,25959.16,6.43,E-commerce,Canada,0.0336,1.01,26.58
Video - SaaS,157955.0,1723.6,06/26/2024,2780.0,202,49191.36,28.54,SaaS,Germany,0.0176,0.62,8.53
Shopping - EdTech,196112.0,3996.97,03/16/2024,2647.0,187,16387.67,4.1,EdTech,USA,0.0135,1.51,21.37
Display - EdTech,67167.0,2727.01,02/15/2024,1907.0,114,20596.75,7.55,EdTech,Germany,0.0284,1.43,23.92
Shopping - EdTech,8487.0,246.61,11/09/2024,271.0,14,4179.96,16.95,EdTech,UAE,0.032,0.91,17.62
Shopping - Healthcare,91284.0,1955.92,01/04/2024,2126.0,132,23916.94,12.23,Healthcare,Canada,0.0233,0.92,14.82
Video - Fintech,84737.0,863.15,03/22/2024,1415.0,67,10044.57,11.64,Fintech,Germany,0.0167,0.61,12.88
Search - EdTech,31547.0,1536.28,11/26/2024,772.0,15,4188.5,2.73,EdTech,Australia,0.0245,1.99,102.42
Video - SaaS,162038.0,2095.94,12/29/2024,2722.0,71,16951.26,8.09,SaaS,Canada,0.0168,0.77,29.52
Video - Healthcare,118591.0,4649.45,06/05/2024,4043.0,303,36581.13,7.87,Healthcare,USA,0.0341,1.15,15.34
Display - SaaS,169818.0,9484.8,06/28/2024,4992.0,146,26864.23,2.83,SaaS,UK,0.0294,1.9,64.96
Shopping - E-commerce,124870.0,4404.96,03/28/2024,2622.0,140,13095.31,2.97,E-commerce,Australia,0.021,1.68,31.46
Display - Healthcare,137053.0,8436.0,08/30/2024,5550.0,381,43644.89,5.17,Healthcare,Australia,0.0405,1.52,22.14
Search - E-commerce,43062.0,925.4,04/21/2024,1322.0,23,2104.08,2.27,E-commerce,UAE,0.0307,0.7,40.23
Shopping - SaaS,141436.0,5567.84,11/15/2024,3026.0,108,24540.41,4.41,SaaS,Canada,0.0214,1.84,51.55
Video - EdTech,152318.0,4918.32,10/18/2024,4554.0,296,64805.54,13.18,EdTech,Germany,0.0299,1.08,16.62
Shopping - Fintech,194121.0,4326.3,06/08/2024,6270.0,133,11409.44,2.64,Fintech,Germany,0.0323,0.69,32.53
Video - SaaS,81313.0,1557.27,10/23/2024,1089.0,77,3549.91,2.28,SaaS,Canada,0.0134,1.43,20.22
Display - Fintech,104926.0,4844.04,02/17/2024,3273.0,65,12449.27,2.57,Fintech,Germany,0.0312,1.48,74.52
shopping - saas,16093.0,386.78,12/06/2024,466.0,28,5468.73,14.14,SaaS,Germany,0.029,0.83,13.81
Search - EdTech,18487.0,339.57,12/30/2024,693.0,36,7765.15,22.87,EdTech,UAE,0.0375,0.49,9.43
Video - EdTech,88452.0,5478.43,11/24/2024,3361.0,180,8119.45,1.48,EdTech,UK,0.038,1.63,30.44
Video - E-commerce,126103.0,4687.0,04/13/2024,4300.0,313,18027.88,3.85,E-commerce,Australia,0.0341,1.09,14.97
Shopping - Fintech,49261.0,448.88,04/07/2024,724.0,31,1397.37,3.11,Fintech,UK,0.0147,0.62,14.48
Search - Healthcare,109777.0,3919.68,11/26/2024,2722.0,170,47040.47,12.0,Healthcare,Australia,0.0248,1.44,23.06
Search - EdTech,29992.0,369.05,07/26/2024,605.0,35,5311.42,14.39,EdTech,UK,0.0202,0.61,10.54
Search - Fintech,187461.0,4268.7,03/05/2024,2511.0,189,16540.06,3.87,Fintech,UK,0.0134,1.7,22.59
Video - EdTech,34404.0,1709.68,05/06/2024,1204.0,94,17655.16,10.33,EdTech,USA,0.035,1.42,18.19
Display - EdTech,133773.0,6388.53,11/02/2024,3491.0,181,21663.32,3.39,EdTech,Australia,0.0261,1.83,35.3
Display - Healthcare,105050.0,1538.5,07/07/2024,3077.0,206,55580.46,36.13,Healthcare,UAE,0.0293,0.5,7.47
Shopping - E-commerce,132343.0,3997.98,04/12/2024,3507.0,238,17184.94,4.3,E-commerce,UK,0.0265,1.14,16.8
Display - Fintech,86099.0,6372.9,12/20/2024,2910.0,194,39485.52,6.2,Fintech,Canada,0.0338,2.19,32.85
display - fintech,,,11/08/2024,,168,30028.61,18.67,Fintech,UAE,0.0132,0.67,9.58
video - e-commerce,,,06/11/2024,,52,14121.79,10.79,E-commerce,Australia,0.021,0.61,25.17
Shopping - SaaS,10177.0,764.05,05/06/2024,413.0,16,4058.36,5.31,SaaS,Canada,0.0406,1.85,47.75
Shopping - E-commerce,67714.0,819.18,12/08/2024,738.0,17,1445.84,1.76,E-commerce,Canada,0.0109,1.11,48.19
Display - E-commerce,38762.0,684.76,09/11/2024,1007.0,16,3871.2,5.65,E-commerce,Canada,0.026,0.68,42.8
Search - E-commerce,32410.0,1240.47,02/18/2024,693.0,21,678.51,0.55,E-commerce,India,0.0214,1.79,59.07
search - fintech,,,05/18/2024,,64,2136.83,2.8,Fintech,USA,0.0147,0.9,11.93
Shopping - Fintech,147412.0,4293.9,06/29/2024,3670.0,162,38717.46,9.02,Fintech,Germany,0.0249,1.17,26.51
Shopping - E-commerce,78480.0,2347.41,04/18/2024,1389.0,19,2972.32,1.27,E-commerce,UK,0.0177,1.69,123.55
Video - EdTech,55333.0,894.6,11/16/2024,852.0,66,12295.52,13.74,EdTech,UK,0.0154,1.05,13.55
Display - Fintech,177027.0,7576.8,09/24/2024,6160.0,220,59390.91,7.84,Fintech,UK,0.0348,1.23,34.44
Search - E-commerce,21679.0,398.72,11/10/2024,448.0,31,3556.66,8.92,E-commerce,USA,0.0207,0.89,12.86
Shopping - Fintech,52743.0,2329.51,11/21/2024,1207.0,90,11281.65,4.84,Fintech,Australia,0.0229,1.93,25.88
Shopping - Healthcare,92091.0,4946.16,04/19/2024,3342.0,145,37976.42,7.68,Healthcare,UK,0.0363,1.48,34.11
Display - Fintech,129750.0,2672.68,01/03/2024,2452.0,93,23770.39,8.89,Fintech,Canada,0.0189,1.09,28.74
Display - Healthcare,197882.0,4166.64,01/22/2024,5144.0,299,68061.76,16.33,Healthcare,USA,0.026,0.81,13.94
Search - E-commerce,98699.0,4819.62,09/01/2024,2171.0,92,5066.63,1.05,E-commerce,USA,0.022,2.22,52.39
Shopping - EdTech,149654.0,8628.81,11/06/2024,6689.0,262,10578.46,1.23,EdTech,Germany,0.0447,1.29,32.93
Search - Healthcare,191478.0,10069.98,01/24/2024,6414.0,236,56534.15,5.61,Healthcare,India,0.0335,1.57,42.67
Search - E-commerce,7196.0,634.27,05/01/2024,287.0,10,693.26,1.09,E-commerce,Canada,0.04,2.21,63.43
Video - EdTech,27036.0,1182.36,09/08/2024,708.0,12,1538.26,1.3,EdTech,Canada,0.0262,1.67,98.53
shopping - saas,12712.0,360.4,06/08/2024,212.0,9,375.03,1.04,SaaS,UK,0.0167,1.7,40.04
video - healthcare,,,05/03/2024,,80,2769.22,0.4,Healthcare,India,0.0401,0.91,86.3
Search - Fintech,138704.0,1550.58,12/26/2024,1803.0,119,10297.42,6.64,Fintech,Germany,0.013,0.86,13.03
search - edtech,198775.0,7237.63,12/11/2024,3637.0,235,18520.23,2.56,EdTech,USA,0.0183,1.99,30.8
Search - E-commerce,114844.0,6944.7,09/13/2024,3307.0,123,36552.89,5.26,E-commerce,USA,0.0288,2.1,56.46
Search - E-commerce,53865.0,1405.44,08/27/2024,1098.0,67,2545.35,1.81,E-commerce,USA,0.0204,1.28,20.98
video - edtech,34949.0,2369.96,09/11/2024,1324.0,86,9084.22,3.83,EdTech,USA,0.0379,1.79,27.56
Search - Fintech,172816.0,8172.66,11/28/2024,3819.0,193,41926.28,5.13,Fintech,India,0.0221,2.14,42.35
Search - SaaS,128355.0,3269.88,11/03/2024,1758.0,122,6205.33,1.9,SaaS,Canada,0.0137,1.86,26.8
Shopping - E-commerce,166874.0,4515.88,09/20/2024,6641.0,200,17225.95,3.81,E-commerce,Germany,0.0398,0.68,22.58
Video - SaaS,117696.0,4938.79,06/27/2024,4531.0,325,19270.73,3.9,SaaS,UK,0.0385,1.09,15.2
Search - Healthcare,147324.0,2279.0,10/19/2024,1325.0,96,10356.84,4.54,Healthcare,Canada,0.009,1.72,23.74
Video - E-commerce,173898.0,2820.13,12/02/2024,5321.0,239,52181.09,18.5,E-commerce,Canada,0.0306,0.53,11.8
Shopping - SaaS,55697.0,870.87,10/25/2024,957.0,12,1673.31,1.92,SaaS,UK,0.0172,0.91,72.57
display - e-commerce,68843.0,563.37,05/01/2024,633.0,25,2441.19,4.33,E-commerce,Canada,0.0092,0.89,22.53
Search - Fintech,153157.0,9896.4,01/31/2024,5498.0,401,90694.52,9.16,Fintech,UK,0.0359,1.8,24.68
Display - E-commerce,138074.0,6327.83,08/21/2024,3313.0,209,16533.53,2.61,E-commerce,Canada,0.024,1.91,30.28
Shopping - Fintech,198899.0,5758.31,06/27/2024,2923.0,95,3750.0,0.65,Fintech,USA,0.0147,1.97,60.61
Video - SaaS,143383.0,3480.24,05/15/2024,3412.0,117,19100.2,5.49,SaaS,Germany,0.0238,1.02,29.75
Video - E-commerce,92469.0,1492.2,02/06/2024,2487.0,48,14164.35,9.49,E-commerce,UAE,0.0269,0.6,31.09
Search - Healthcare,87565.0,7068.6,11/16/2024,3213.0,106,13715.98,1.94,Healthcare,Germany,0.0367,2.2,66.68
Shopping - Fintech,178553.0,16445.64,02/16/2024,7213.0,556,50559.85,3.07,Fintech,USA,0.0404,2.28,29.58
Search - Healthcare,132390.0,2807.8,03/06/2024,2780.0,133,39444.5,14.05,Healthcare,Australia,0.021,1.01,21.11
Video - EdTech,66265.0,3837.24,10/18/2024,1881.0,76,2782.02,0.73,EdTech,Australia,0.0284,2.04,50.49
Video - EdTech,117169.0,4196.08,12/11/2024,3304.0,83,20949.79,4.99,EdTech,Australia,0.0282,1.27,50.56
Video - EdTech,190928.0,7363.1,01/17/2024,5078.0,186,47430.11,6.44,EdTech,Germany,0.0266,1.45,39.59
Video - SaaS,92986.0,3601.86,02/11/2024,2082.0,108,6838.55,1.9,SaaS,UAE,0.0224,1.73,33.35
Search - Healthcare,80589.0,1102.0,04/29/2024,1160.0,75,21781.43,19.77,Healthcare,UAE,0.0144,0.95,14.69
Display - EdTech,140475.0,10287.72,07/19/2024,5043.0,327,96504.49,9.38,EdTech,India,0.0359,2.04,31.46
Search - EdTech,100343.0,3737.88,01/17/2024,3461.0,259,51755.16,13.85,EdTech,Australia,0.0345,1.08,14.43
Display - SaaS,13100.0,279.0,04/20/2024,186.0,10,1347.41,4.83,SaaS,UK,0.0142,1.5,27.9
Video - E-commerce,35755.0,1350.72,09/08/2024,672.0,39,1411.24,1.04,E-commerce,UK,0.0188,2.01,34.63
Display - Healthcare,148463.0,10149.1,02/29/2024,4810.0,286,68709.26,6.77,Healthcare,Germany,0.0324,2.11,35.49
Search - E-commerce,30123.0,986.12,01/27/2024,554.0,15,2874.83,2.92,E-commerce,Australia,0.0184,1.78,65.74
Shopping - E-commerce,139257.0,4235.91,01/05/2024,2631.0,99,9781.28,2.31,E-commerce,USA,0.0189,1.61,42.79
Display - SaaS,88698.0,987.16,07/04/2024,1073.0,43,5727.99,5.8,SaaS,India,0.0121,0.92,22.96
Display - EdTech,182011.0,1051.05,01/12/2024,1911.0,35,3848.31,3.66,EdTech,Canada,0.0105,0.55,30.03
Video - E-commerce,138686.0,3983.92,01/13/2024,2621.0,195,52398.49,13.15,E-commerce,UK,0.0189,1.52,20.43
Video - E-commerce,25077.0,143.22,05/18/2024,341.0,5,779.52,5.44,E-commerce,UK,0.0136,0.42,28.64
Video - E-commerce,113987.0,2720.04,04/16/2024,3579.0,229,31787.48,11.69,E-commerce,UAE,0.0314,0.76,11.88
Shopping - Fintech,14705.0,341.22,03/20/2024,363.0,4,738.37,2.16,Fintech,Canada,0.0247,0.94,85.31
Display - E-commerce,127082.0,5345.36,09/22/2024,2452.0,53,8408.45,1.57,E-commerce,India,0.0193,2.18,100.86
Video - E-commerce,57299.0,1601.1,02/13/2024,1186.0,25,5383.27,3.36,E-commerce,India,0.0207,1.35,64.04
Shopping - Fintech,134986.0,7083.98,06/19/2024,4346.0,149,28100.44,3.97,Fintech,Australia,0.0322,1.63,47.54
Search - Healthcare,27499.0,778.96,01/25/2024,728.0,17,3860.75,4.96,Healthcare,India,0.0265,1.07,45.82
Video - Healthcare,133088.0,8808.24,02/16/2024,5243.0,226,48389.85,5.49,Healthcare,Canada,0.0394,1.68,38.97
Search - SaaS,33082.0,632.4,04/18/2024,340.0,9,2116.06,3.35,SaaS,Australia,0.0103,1.86,70.27
Display - Fintech,179504.0,5578.86,04/16/2024,5026.0,203,10121.88,1.81,Fintech,Germany,0.028,1.11,27.48
Shopping - Healthcare,16344.0,480.6,06/11/2024,534.0,11,465.35,0.97,Healthcare,USA,0.0327,0.9,43.69
Shopping - SaaS,46603.0,658.95,05/22/2024,955.0,23,2614.49,3.97,SaaS,Germany,0.0205,0.69,28.65
Search - EdTech,113878.0,3383.76,01/28/2024,3678.0,216,62162.63,18.37,EdTech,UAE,0.0323,0.92,15.67
Display - E-commerce,196354.0,3268.95,05/24/2024,2945.0,177,7478.3,2.29,E-commerce,Canada,0.015,1.11,18.47
Video - EdTech,62194.0,3751.76,07/25/2024,2039.0,129,23854.38,6.36,EdTech,Australia,0.0328,1.84,29.08
Search - EdTech,18706.0,201.52,07/18/2024,458.0,35,7330.28,36.37,EdTech,UAE,0.0245,0.44,5.76
Search - E-commerce,19959.0,1166.14,09/03/2024,586.0,17,4432.12,3.8,E-commerce,Canada,0.0294,1.99,68.6
Display - Fintech,166155.0,8830.08,01/30/2024,6048.0,260,28494.38,3.23,Fintech,UAE,0.0364,1.46,33.96
Video - EdTech,181026.0,2935.14,04/28/2024,2769.0,155,18246.01,6.22,EdTech,Germany,0.0153,1.06,18.94
Shopping - E-commerce,57784.0,1097.47,03/17/2024,907.0,54,2856.1,2.6,E-commerce,Germany,0.0157,1.21,20.32
Search - E-commerce,81023.0,2546.64,06/22/2024,1944.0,146,32752.99,12.86,E-commerce,India,0.024,1.31,17.44
Shopping - Fintech,130056.0,2051.46,06/15/2024,3537.0,207,27550.99,13.43,Fintech,India,0.0272,0.58,9.91
Shopping - Healthcare,185750.0,2148.9,01/17/2024,1653.0,34,2916.11,1.36,Healthcare,Canada,0.0089,1.3,63.2
Video - SaaS,24750.0,888.93,07/29/2024,747.0,48,1738.76,1.96,SaaS,India,0.0302,1.19,18.52
Video - EdTech,32559.0,392.63,09/19/2024,553.0,6,1500.74,3.82,EdTech,Canada,0.017,0.71,65.44
Shopping - E-commerce,126432.0,2585.55,12/08/2024,1567.0,110,31358.68,12.13,E-commerce,India,0.0124,1.65,23.51
Search - Fintech,196595.0,993.32,03/28/2024,2614.0,28,6376.7,6.42,Fintech,UK,0.0133,0.38,35.48
Search - E-commerce,14028.0,646.38,09/24/2024,342.0,7,716.51,1.11,E-commerce,UK,0.0244,1.89,92.34
Video - Fintech,133684.0,3470.96,06/06/2024,2018.0,44,11449.27,3.3,Fintech,Canada,0.0151,1.72,78.89
Display - Fintech,159301.0,14688.84,07/31/2024,6738.0,302,57570.61,3.92,Fintech,UK,0.0423,2.18,48.64
search - fintech,,,08/04/2024,,338,32920.35,7.7,Fintech,Canada,0.0259,0.85,12.65
display - saas,9909.0,316.2,07/22/2024,170.0,10,1238.47,3.92,SaaS,UK,0.0172,1.86,31.62
Shopping - Healthcare,139346.0,2539.52,09/29/2024,4096.0,236,12521.54,4.93,Healthcare,Germany,0.0294,0.62,10.76
Search - Fintech,98740.0,3321.01,03/15/2024,1589.0,47,5063.31,1.52,Fintech,UK,0.0161,2.09,70.66
Display - Healthcare,174048.0,6692.04,07/25/2024,3846.0,75,18304.27,2.74,Healthcare,USA,0.0221,1.74,89.23
Search - Healthcare,8877.0,174.8,04/01/2024,230.0,9,1921.06,10.99,Healthcare,Australia,0.026,0.76,19.42
Shopping - EdTech,32488.0,1773.67,05/13/2024,919.0,32,7341.13,4.14,EdTech,Germany,0.0283,1.93,55.43
Display - Fintech,63676.0,2038.12,03/23/2024,1757.0,137,8830.01,4.33,Fintech,UK,0.0276,1.16,14.88
display - edtech,8671.0,227.76,02/18/2024,156.0,7,1461.2,6.42,EdTech,India,0.018,1.46,32.54
Video - Fintech,95930.0,1118.88,04/06/2024,1554.0,62,5774.95,5.16,Fintech,USA,0.0162,0.72,18.05
Shopping - SaaS,152932.0,8238.75,07/17/2024,6591.0,200,14211.23,1.72,SaaS,India,0.0431,1.25,41.19
Display - Healthcare,159044.0,3935.25,05/24/2024,2385.0,184,35387.51,8.99,Healthcare,Canada,0.015,1.65,21.39
Shopping - Fintech,8608.0,58.0,07/07/2024,100.0,3,661.12,11.4,Fintech,Australia,0.0117,0.58,19.33
Search - E-commerce,19284.0,1007.94,08/19/2024,642.0,21,5907.29,5.86,E-commerce,UAE,0.0333,1.57,48.0
Display - Fintech,161764.0,2625.48,03/07/2024,2652.0,76,16956.51,6.46,Fintech,India,0.0164,0.99,34.55
Shopping - E-commerce,61395.0,4809.68,06/06/2024,2038.0,102,16290.15,3.39,E-commerce,UK,0.0332,2.36,47.15
Search - E-commerce,26747.0,1252.86,10/04/2024,1099.0,36,5626.79,4.49,E-commerce,UAE,0.0411,1.14,34.8
display - edtech,157898.0,7394.66,12/16/2024,3094.0,245,72430.36,9.79,EdTech,Germany,0.0196,2.39,30.18
Search - Healthcare,49456.0,1489.86,06/27/2024,801.0,50,4108.2,2.76,Healthcare,USA,0.0162,1.86,29.8
display - e-commerce,,,03/17/2024,,14,2258.16,1.92,E-commerce,Canada,0.0125,1.78,83.91
Video - E-commerce,61284.0,2392.48,06/13/2024,1574.0,32,3680.82,1.54,E-commerce,Australia,0.0257,1.52,74.77
Search - Healthcare,163624.0,5591.04,01/02/2024,4368.0,296,31041.33,5.55,Healthcare,India,0.0267,1.28,18.89
Display - Healthcare,194674.0,5221.45,06/08/2024,3601.0,165,8945.17,1.71,Healthcare,UK,0.0185,1.45,31.65
Search - Healthcare,15485.0,301.84,09/17/2024,196.0,8,362.78,1.2,Healthcare,India,0.0127,1.54,37.73
Shopping - E-commerce,138018.0,1733.49,09/21/2024,1683.0,56,8635.5,4.98,E-commerce,Canada,0.0122,1.03,30.96
Shopping - Fintech,161408.0,1754.91,03/03/2024,1581.0,51,6128.54,3.49,Fintech,UAE,0.0098,1.11,34.41
Display - EdTech,140460.0,1404.03,06/27/2024,2753.0,87,18763.62,13.36,EdTech,UAE,0.0196,0.51,16.14
Shopping - EdTech,119731.0,1662.64,03/21/2024,2969.0,47,11619.48,6.99,EdTech,Canada,0.0248,0.56,35.38
Search - E-commerce,61437.0,2424.01,10/12/2024,1087.0,80,11780.01,4.86,E-commerce,USA,0.0177,2.23,30.3
Display - Healthcare,58164.0,823.68,02/06/2024,936.0,13,1791.65,2.18,Healthcare,UK,0.0161,0.88,63.36
Shopping - Fintech,69102.0,2179.94,04/09/2024,1354.0,89,14410.72,6.61,Fintech,UAE,0.0196,1.61,24.49
Shopping - E-commerce,80888.0,1531.8,07/06/2024,2070.0,71,19601.22,12.8,E-commerce,UK,0.0256,0.74,21.57
Display - SaaS,21471.0,1347.87,12/16/2024,753.0,28,7559.0,5.61,SaaS,USA,0.0351,1.79,48.14
Shopping - Healthcare,160182.0,4999.02,05/05/2024,4901.0,88,22338.67,4.47,Healthcare,India,0.0306,1.02,56.81
shopping - healthcare,,,06/24/2024,,101,6046.11,2.7,Healthcare,UAE,0.0222,1.35,22.2
Shopping - EdTech,85846.0,977.82,05/20/2024,2274.0,113,8382.57,8.57,EdTech,UAE,0.0265,0.43,8.65
Shopping - EdTech,160091.0,4504.7,03/21/2024,4210.0,322,62914.38,13.97,EdTech,Germany,0.0263,1.07,13.99
Shopping - E-commerce,82665.0,1613.44,02/04/2024,2521.0,182,48413.75,30.01,E-commerce,Germany,0.0305,0.64,8.87
Video - Healthcare,102148.0,1578.55,03/19/2024,1205.0,59,17697.95,11.21,Healthcare,UK,0.0118,1.31,26.76
Search - Fintech,115540.0,2663.88,06/27/2024,1686.0,87,20354.07,7.64,Fintech,UK,0.0146,1.58,30.62
Search - SaaS,175574.0,4785.15,01/10/2024,6935.0,515,69264.33,14.47,SaaS,UK,0.0395,0.69,9.29
Shopping - Fintech,79992.0,1603.6,09/04/2024,1055.0,21,4912.79,3.06,Fintech,India,0.0132,1.52,76.36
Display - EdTech,23113.0,136.8,09/17/2024,228.0,17,2097.34,15.33,EdTech,Australia,0.0099,0.6,8.05
Search - EdTech,39754.0,1571.4,07/31/2024,1164.0,72,9221.61,5.87,EdTech,Germany,0.0293,1.35,21.83
Shopping - Fintech,25243.0,1148.4,03/20/2024,580.0,13,3883.09,3.38,Fintech,Australia,0.023,1.98,88.34
Search - E-commerce,23186.0,1080.32,11/22/2024,512.0,26,2663.68,2.47,E-commerce,Germany,0.0221,2.11,41.55
Video - Fintech,112518.0,1724.76,11/11/2024,1597.0,105,25379.08,14.71,Fintech,UK,0.0142,1.08,16.43
Video - Healthcare,131681.0,1362.75,01/06/2024,1725.0,108,31291.1,22.96,Healthcare,Australia,0.0131,0.79,12.62
Shopping - Fintech,116161.0,7750.83,12/09/2024,4379.0,264,18090.29,2.33,Fintech,USA,0.0377,1.77,29.36
shopping - fintech,107126.0,3921.48,12/13/2024,3631.0,260,19151.86,4.88,Fintech,Canada,0.0339,1.08,15.08
Video - SaaS,39253.0,1402.5,10/15/2024,1122.0,81,15452.61,11.02,SaaS,USA,0.0286,1.25,17.31
Search - E-commerce,61994.0,1477.6,10/13/2024,1847.0,147,5622.21,3.8,E-commerce,India,0.0298,0.8,10.05
video - edtech,162889.0,5170.38,11/08/2024,4658.0,332,57094.6,11.04,EdTech,Australia,0.0286,1.11,15.57
Search - Fintech,176656.0,5417.39,03/27/2024,2897.0,86,23130.95,4.27,Fintech,India,0.0164,1.87,62.99
Search - SaaS,26491.0,401.85,08/11/2024,423.0,28,3219.77,8.01,SaaS,Germany,0.016,0.95,14.35
Shopping - Healthcare,174862.0,1730.7,09/15/2024,3846.0,299,67036.78,38.73,Healthcare,UK,0.022,0.45,5.79
Video - E-commerce,77353.0,3202.55,10/13/2024,1895.0,73,9316.26,2.91,E-commerce,Germany,0.0245,1.69,43.87
Shopping - EdTech,108726.0,6885.76,03/17/2024,2968.0,49,2393.62,0.35,EdTech,UAE,0.0273,2.32,140.53
Video - Healthcare,178013.0,2150.04,11/05/2024,1886.0,83,22320.49,10.38,Healthcare,Germany,0.0106,1.14,25.9
Search - EdTech,160341.0,1916.08,09/10/2024,2228.0,70,6302.54,3.29,EdTech,India,0.0139,0.86,27.37
Display - E-commerce,72500.0,2078.55,10/09/2024,1341.0,30,5770.13,2.78,E-commerce,Germany,0.0185,1.55,69.29
Search - EdTech,63952.0,3250.24,02/22/2024,1451.0,86,25126.44,7.73,EdTech,USA,0.0227,2.24,37.79
Shopping - E-commerce,43148.0,1086.69,04/05/2024,979.0,71,7719.69,7.1,E-commerce,UK,0.0227,1.11,15.31
Search - Fintech,80507.0,1645.78,01/22/2024,2318.0,119,23887.12,14.51,Fintech,USA,0.0288,0.71,13.83
Search - Fintech,128556.0,4320.8,01/27/2024,4910.0,55,10684.27,2.47,Fintech,Canada,0.0382,0.88,78.56
Search - Healthcare,29055.0,1340.64,08/10/2024,912.0,41,6404.23,4.78,Healthcare,UK,0.0314,1.47,32.7
Video - SaaS,172517.0,5775.71,04/03/2024,3191.0,96,13225.69,2.29,SaaS,UAE,0.0185,1.81,60.16
video - fintech,84712.0,3343.71,01/18/2024,1473.0,74,3310.43,0.99,Fintech,Canada,0.0174,2.27,45.19
Video - Fintech,72278.0,3123.09,01/18/2024,2421.0,26,5625.44,1.8,Fintech,UK,0.0335,1.29,120.12
Shopping - Fintech,17281.0,935.74,09/21/2024,793.0,46,12594.97,13.46,Fintech,Canada,0.0459,1.18,20.34
Search - Fintech,179943.0,9182.8,12/13/2024,4174.0,289,32129.87,3.5,Fintech,USA,0.0232,2.2,31.77
Video - SaaS,107299.0,3412.2,11/07/2024,2585.0,110,23820.26,6.98,SaaS,Australia,0.0241,1.32,31.02
Display - SaaS,60448.0,3418.97,12/30/2024,1493.0,89,24577.78,7.19,SaaS,USA,0.0247,2.29,38.42
Shopping - Fintech,155354.0,4281.17,09/27/2024,3371.0,100,7916.95,1.85,Fintech,USA,0.0217,1.27,42.81
Shopping - Fintech,163564.0,1284.36,05/15/2024,1946.0,72,6787.22,5.28,Fintech,UAE,0.0119,0.66,17.84
Video - SaaS,128245.0,4688.91,10/11/2024,2949.0,85,8616.72,1.84,SaaS,Canada,0.023,1.59,55.16
Video - SaaS,22139.0,196.94,05/24/2024,458.0,8,2367.39,12.02,SaaS,Germany,0.0207,0.43,24.62
Shopping - SaaS,30618.0,913.13,04/17/2024,719.0,40,6289.61,6.89,SaaS,India,0.0235,1.27,22.83
shopping - e-commerce,,,04/04/2024,,35,1488.52,3.74,E-commerce,UK,0.018,0.83,11.36
Search - E-commerce,91392.0,5518.2,01/03/2024,2705.0,87,12147.08,2.2,E-commerce,UK,0.0296,2.04,63.43
Shopping - SaaS,154676.0,2744.56,08/23/2024,1624.0,26,1813.36,0.66,SaaS,Germany,0.0105,1.69,105.56
Shopping - E-commerce,122710.0,5231.58,08/14/2024,5129.0,157,24344.87,4.65,E-commerce,UK,0.0418,1.02,33.32
Display - Healthcare,132208.0,4918.81,06/20/2024,3133.0,183,53669.78,10.91,Healthcare,India,0.0237,1.57,26.88
Shopping - Fintech,19040.0,1513.12,02/16/2024,784.0,39,5591.9,3.7,Fintech,India,0.0412,1.93,38.8
Video - Fintech,94786.0,4023.0,03/27/2024,2682.0,155,6510.51,1.62,Fintech,Germany,0.0283,1.5,25.95
Display - E-commerce,144895.0,4143.36,04/25/2024,2158.0,151,25541.81,6.16,E-commerce,Australia,0.0149,1.92,27.44
Display - Fintech,57996.0,3478.2,12/10/2024,1705.0,127,26935.06,7.74,Fintech,Germany,0.0294,2.04,27.39
Video - SaaS,56209.0,3357.95,02/28/2024,1405.0,94,20195.05,6.01,SaaS,Germany,0.025,2.39,35.72
Display - E-commerce,17438.0,604.73,03/09/2024,371.0,19,902.7,1.49,E-commerce,Canada,0.0213,1.63,31.83
Shopping - EdTech,151730.0,1526.62,09/08/2024,2063.0,32,6146.93,4.03,EdTech,Germany,0.0136,0.74,47.71
Search - Healthcare,88904.0,1724.0,03/05/2024,1724.0,59,8894.16,5.16,Healthcare,USA,0.0194,1.0,29.22
Search - EdTech,184702.0,10319.34,05/22/2024,5134.0,70,16883.49,1.64,EdTech,UK,0.0278,2.01,147.42
Video - Fintech,5209.0,138.6,04/11/2024,198.0,3,490.6,3.54,Fintech,USA,0.0381,0.7,46.2
display - e-commerce,88717.0,1525.92,06/19/2024,816.0,46,4879.02,3.2,E-commerce,India,0.0092,1.87,33.17
Shopping - E-commerce,185419.0,10695.0,09/26/2024,7750.0,400,13470.33,1.26,E-commerce,UK,0.0418,1.38,26.74
Search - SaaS,45664.0,861.72,11/17/2024,516.0,34,7132.56,8.28,SaaS,Canada,0.0113,1.67,25.34
Shopping - SaaS,125759.0,4907.0,12/15/2024,2804.0,164,46752.65,9.53,SaaS,UK,0.0223,1.75,29.92
Display - Healthcare,171353.0,10293.24,10/24/2024,5534.0,221,52725.19,5.12,Healthcare,USA,0.0323,1.86,46.58
Shopping - EdTech,49522.0,2657.34,12/22/2024,1554.0,23,1909.73,0.72,EdTech,UK,0.0314,1.71,115.54
Video - Healthcare,172108.0,13928.52,05/11/2024,6109.0,435,13163.33,0.95,Healthcare,UK,0.0355,2.28,32.02
Video - SaaS,28593.0,1096.52,03/23/2024,694.0,7,2098.0,1.91,SaaS,UK,0.0243,1.58,156.65
Search - EdTech,186845.0,7609.24,06/03/2024,4204.0,275,24004.25,3.15,EdTech,Germany,0.0225,1.81,27.67
Search - Fintech,25930.0,334.95,08/14/2024,609.0,7,509.29,1.52,Fintech,USA,0.0235,0.55,47.85
display - fintech,,,04/04/2024,,96,14890.27,12.94,Fintech,Australia,0.0351,0.77,11.99
Search - Healthcare,96360.0,1396.21,08/07/2024,3247.0,211,50567.51,36.22,Healthcare,UAE,0.0337,0.43,6.62
Shopping - EdTech,98276.0,3338.88,06/05/2024,2368.0,115,21637.86,6.48,EdTech,UK,0.0241,1.41,29.03
Search - SaaS,129790.0,2962.44,12/05/2024,5697.0,223,58627.34,19.79,SaaS,UK,0.0439,0.52,13.28
Video - EdTech,173001.0,3303.15,04/27/2024,3477.0,51,11186.61,3.39,EdTech,UAE,0.0201,0.95,64.77
Search - Fintech,56534.0,647.4,01/29/2024,1079.0,27,4508.39,6.96,Fintech,UK,0.0191,0.6,23.98
Display - SaaS,108717.0,2511.25,05/02/2024,1435.0,108,22074.54,8.79,SaaS,USA,0.0132,1.75,23.25
Search - Healthcare,158742.0,12538.26,12/04/2024,5778.0,388,68610.11,5.47,Healthcare,USA,0.0364,2.17,32.32
Search - E-commerce,26845.0,1098.24,04/26/2024,528.0,11,1590.52,1.45,E-commerce,Germany,0.0197,2.08,99.84
Shopping - SaaS,15047.0,390.08,09/26/2024,368.0,27,6244.19,16.01,SaaS,Canada,0.0245,1.06,14.45
Display - SaaS,6903.0,432.0,08/23/2024,225.0,7,513.46,1.19,SaaS,Germany,0.0326,1.92,61.71
Shopping - Healthcare,25704.0,616.0,08/09/2024,616.0,18,2381.36,3.87,Healthcare,India,0.024,1.0,34.22
Video - EdTech,165408.0,2171.0,02/16/2024,1670.0,80,9561.0,4.4,EdTech,UK,0.0101,1.3,27.14
Display - EdTech,71247.0,887.36,09/06/2024,1888.0,57,9045.86,10.19,EdTech,USA,0.0265,0.47,15.57
Display - SaaS,36411.0,1772.19,04/10/2024,873.0,47,13565.96,7.65,SaaS,India,0.024,2.03,37.71
Video - EdTech,145170.0,8204.0,08/17/2024,4688.0,106,30413.14,3.71,EdTech,USA,0.0323,1.75,77.4
video - healthcare,142135.0,4583.04,09/07/2024,2387.0,98,25385.35,5.54,Healthcare,Germany,0.0168,1.92,46.77
Search - Healthcare,123372.0,7716.5,08/11/2024,3355.0,224,57352.38,7.43,Healthcare,UK,0.0272,2.3,34.45
Display - Healthcare,93966.0,2040.88,01/28/2024,2104.0,157,6975.9,3.42,Healthcare,Canada,0.0224,0.97,13.0
Video - Fintech,103576.0,593.61,04/05/2024,1263.0,22,5190.25,8.74,Fintech,UAE,0.0122,0.47,26.98
Display - SaaS,173307.0,3390.76,10/12/2024,3292.0,74,21574.44,6.36,SaaS,UAE,0.019,1.03,45.82
Video - Fintech,138528.0,8394.46,04/24/2024,3698.0,264,34788.99,4.14,Fintech,India,0.0267,2.27,31.8
Video - E-commerce,188552.0,4142.45,10/10/2024,6373.0,129,8973.49,2.17,E-commerce,Canada,0.0338,0.65,32.11
Video - SaaS,28359.0,459.0,04/15/2024,612.0,30,6591.07,14.36,SaaS,India,0.0216,0.75,15.3
Search - E-commerce,81759.0,1184.4,06/28/2024,1316.0,46,6171.89,5.21,E-commerce,USA,0.0161,0.9,25.75
Video - E-commerce,131230.0,4769.97,04/05/2024,2139.0,105,24738.73,5.19,E-commerce,Germany,0.0163,2.23,45.43
Search - EdTech,164074.0,5844.4,08/08/2024,6152.0,360,47241.24,8.08,EdTech,India,0.0375,0.95,16.23
Shopping - Healthcare,107300.0,1535.01,08/13/2024,2693.0,153,18121.16,11.81,Healthcare,Canada,0.0251,0.57,10.03
Display - EdTech,177443.0,9548.0,11/04/2024,4400.0,231,43094.26,4.51,EdTech,India,0.0248,2.17,41.33
Video - SaaS,113447.0,3158.98,03/04/2024,1826.0,24,4477.79,1.42,SaaS,UAE,0.0161,1.73,131.62
Search - SaaS,149446.0,14138.64,06/19/2024,6456.0,397,118768.88,8.4,SaaS,USA,0.0432,2.19,35.61
Display - Healthcare,149675.0,4871.65,11/26/2024,3143.0,147,33184.47,6.81,Healthcare,India,0.021,1.55,33.14
Video - EdTech,148088.0,6202.96,07/28/2024,4561.0,173,48056.97,7.75,EdTech,UAE,0.0308,1.36,35.86
Shopping - E-commerce,186775.0,1662.21,07/25/2024,2409.0,107,10079.71,6.06,E-commerce,India,0.0129,0.69,15.53
Video - SaaS,54864.0,2851.52,06/18/2024,1876.0,121,23640.39,8.29,SaaS,UAE,0.0342,1.52,23.57
Search - E-commerce,16920.0,478.47,06/04/2024,389.0,15,3222.58,6.74,E-commerce,Australia,0.023,1.23,31.9
Shopping - Healthcare,117421.0,2091.08,08/16/2024,3428.0,99,25079.21,11.99,Healthcare,India,0.0292,0.61,21.12
Shopping - SaaS,144993.0,4091.01,01/11/2024,2783.0,120,10562.14,2.58,SaaS,USA,0.0192,1.47,34.09
Display - SaaS,143485.0,2800.95,01/02/2024,3945.0,187,30765.32,10.98,SaaS,UK,0.0275,0.71,14.98
Search - EdTech,112596.0,3201.6,05/11/2024,2668.0,39,10899.61,3.4,EdTech,USA,0.0237,1.2,82.09
Search - SaaS,30392.0,1735.75,10/15/2024,1325.0,101,3539.63,2.04,SaaS,UK,0.0436,1.31,17.19
Display - EdTech,27169.0,589.68,12/26/2024,546.0,15,1578.78,2.68,EdTech,Australia,0.0201,1.08,39.31
Shopping - E-commerce,188201.0,10578.76,08/13/2024,5627.0,77,14242.93,1.35,E-commerce,USA,0.0299,1.88,137.39
Search - EdTech,23123.0,346.06,03/10/2024,286.0,3,585.7,1.69,EdTech,Australia,0.0124,1.21,115.35
Display - E-commerce,70180.0,1030.4,01/13/2024,736.0,45,2168.72,2.1,E-commerce,UK,0.0105,1.4,22.9
Display - SaaS,137602.0,1558.19,11/13/2024,2641.0,179,52473.54,33.68,SaaS,India,0.0192,0.59,8.7
Shopping - Healthcare,50869.0,961.2,12/30/2024,890.0,61,16803.54,17.48,Healthcare,USA,0.0175,1.08,15.76
Search - EdTech,127155.0,3861.25,12/02/2024,3089.0,95,23894.64,6.19,EdTech,Germany,0.0243,1.25,40.64
Video - SaaS,145510.0,6037.2,02/05/2024,5805.0,166,30713.7,5.09,SaaS,India,0.0399,1.04,36.37
Search - E-commerce,66157.0,2193.1,12/14/2024,1687.0,41,5082.94,2.32,E-commerce,Australia,0.0255,1.3,53.49
Shopping - Fintech,115003.0,1168.4,03/26/2024,2921.0,36,4203.19,3.6,Fintech,India,0.0254,0.4,32.46
Shopping - Healthcare,173292.0,13780.4,01/19/2024,7330.0,355,66981.68,4.86,Healthcare,USA,0.0423,1.88,38.82
Video - EdTech,94440.0,4282.67,01/07/2024,2219.0,156,39424.24,9.21,EdTech,Germany,0.0235,1.93,27.45
Video - Healthcare,93003.0,2258.08,06/24/2024,1283.0,49,1614.11,0.71,Healthcare,India,0.0138,1.76,46.08
Display - SaaS,165321.0,6937.32,05/22/2024,4447.0,301,23975.23,3.46,SaaS,USA,0.0269,1.56,23.05
Display - Healthcare,118694.0,5283.88,12/20/2024,2338.0,76,6774.6,1.28,Healthcare,Australia,0.0197,2.26,69.52
Video - EdTech,35398.0,469.8,06/22/2024,1044.0,20,1596.24,3.4,EdTech,Australia,0.0295,0.45,23.49
Video - E-commerce,70133.0,2384.72,08/06/2024,2293.0,75,14249.95,5.98,E-commerce,Canada,0.0327,1.04,31.8
Search - Healthcare,73083.0,1824.0,04/12/2024,3040.0,203,29701.35,16.28,Healthcare,Australia,0.0416,0.6,8.99
Display - Fintech,113889.0,5501.37,05/02/2024,4623.0,362,19216.96,3.49,Fintech,India,0.0406,1.19,15.2
search - healthcare,57203.0,895.23,06/23/2024,1029.0,11,1505.4,1.68,Healthcare,Australia,0.018,0.87,81.38
shopping - healthcare,,,07/05/2024,,29,4720.08,3.26,Healthcare,UK,0.024,1.43,49.95
Shopping - E-commerce,75628.0,397.0,05/23/2024,794.0,49,3639.22,9.17,E-commerce,Canada,0.0105,0.5,8.1
Shopping - Healthcare,199650.0,3238.56,03/12/2024,4152.0,165,10558.75,3.26,Healthcare,Canada,0.0208,0.78,19.63
Shopping - E-commerce,149532.0,12114.91,03/10/2024,5069.0,397,95392.09,7.87,E-commerce,Canada,0.0339,2.39,30.52
Video - SaaS,79266.0,1746.0,03/09/2024,2425.0,104,20287.27,11.62,SaaS,Australia,0.0306,0.72,16.79
shopping - healthcare,,,11/17/2024,,167,41334.16,24.94,Healthcare,UAE,0.0194,0.5,9.93
Video - Healthcare,180259.0,2838.64,03/04/2024,2072.0,136,10032.66,3.53,Healthcare,USA,0.0115,1.37,20.87
Video - Healthcare,146964.0,10439.54,02/23/2024,5246.0,131,7261.59,0.7,Healthcare,UAE,0.0357,1.99,79.69
Display - EdTech,153057.0,6650.56,09/10/2024,2969.0,148,28216.02,4.24,EdTech,Germany,0.0194,2.24,44.94
Display - Healthcare,54031.0,3676.9,11/12/2024,2215.0,157,22778.62,6.2,Healthcare,UAE,0.041,1.66,23.42
Search - Fintech,190392.0,13776.64,10/15/2024,6016.0,165,35908.75,2.61,Fintech,Germany,0.0316,2.29,83.49
Video - E-commerce,108924.0,874.94,08/14/2024,2134.0,85,7418.36,8.48,E-commerce,UAE,0.0196,0.41,10.29
search - fintech,,,04/10/2024,,8,624.2,3.82,Fintech,USA,0.0317,0.51,20.4
Display - SaaS,157455.0,4724.4,05/21/2024,3810.0,244,55928.06,11.84,SaaS,India,0.0242,1.24,19.36
Search - Fintech,69385.0,4505.0,10/27/2024,2650.0,160,32080.73,7.12,Fintech,USA,0.0382,1.7,28.16
Search - SaaS,62603.0,2094.0,04/03/2024,1396.0,17,2988.24,1.43,SaaS,India,0.0223,1.5,123.18
Shopping - EdTech,62284.0,1497.78,01/10/2024,1413.0,88,10561.64,7.05,EdTech,USA,0.0227,1.06,17.02
Video - EdTech,172812.0,2942.28,11/09/2024,2972.0,178,47180.83,16.04,EdTech,USA,0.0172,0.99,16.53
Search - E-commerce,133260.0,5430.88,04/14/2024,2611.0,108,16755.51,3.09,E-commerce,India,0.0196,2.08,50.29
Video - SaaS,82948.0,5421.57,05/17/2024,2347.0,65,10510.94,1.94,SaaS,USA,0.0283,2.31,83.41
Video - SaaS,37588.0,2334.36,08/15/2024,1191.0,48,13381.03,5.73,SaaS,USA,0.0317,1.96,48.63
Video - Fintech,59376.0,360.96,04/01/2024,564.0,25,4065.83,11.26,Fintech,Germany,0.0095,0.64,14.44
Video - E-commerce,15865.0,992.64,05/21/2024,528.0,39,3165.22,3.19,E-commerce,India,0.0333,1.88,25.45
search - saas,44612.0,1622.0,07/08/2024,811.0,23,1008.1,0.62,SaaS,UK,0.0182,2.0,70.52
Search - SaaS,119863.0,1370.22,06/09/2024,1114.0,75,21180.36,15.46,SaaS,UK,0.0093,1.23,18.27
Shopping - Fintech,143541.0,2791.8,05/03/2024,1980.0,152,42063.3,15.07,Fintech,Australia,0.0138,1.41,18.37
Display - EdTech,160478.0,4501.26,03/03/2024,4413.0,82,13362.88,2.97,EdTech,UK,0.0275,1.02,54.89
Search - EdTech,166243.0,1743.4,09/17/2024,1895.0,51,5887.21,3.38,EdTech,Germany,0.0114,0.92,34.18
Display - Healthcare,107326.0,1875.72,03/11/2024,2436.0,84,5936.35,3.16,Healthcare,UAE,0.0227,0.77,22.33
display - fintech,,,04/24/2024,,169,14776.11,2.8,Fintech,USA,0.0428,1.79,31.27
Search - Healthcare,84654.0,5404.08,11/20/2024,2937.0,104,30747.28,5.69,Healthcare,Canada,0.0347,1.84,51.96
Video - EdTech,95987.0,3281.49,06/20/2024,1919.0,124,28533.79,8.7,EdTech,Germany,0.02,1.71,26.46
Shopping - E-commerce,133716.0,1374.45,07/22/2024,1617.0,48,3570.09,2.6,E-commerce,UAE,0.0121,0.85,28.63
Display - EdTech,76095.0,3026.19,02/03/2024,2031.0,135,33172.87,10.96,EdTech,Australia,0.0267,1.49,22.42
Display - EdTech,169849.0,5571.38,06/23/2024,5927.0,437,105321.92,18.9,EdTech,Australia,0.0349,0.94,12.75
Video - Fintech,122974.0,5437.15,03/01/2024,2939.0,91,26004.98,4.78,Fintech,Australia,0.0239,1.85,59.75
Display - EdTech,77447.0,1041.9,01/29/2024,906.0,29,8284.13,7.95,EdTech,UK,0.0117,1.15,35.93
Video - Fintech,72278.0,3123.09,01/18/2024,2421.0,26,5625.44,1.8,Fintech,UK,0.0335,1.29,120.12
Shopping - E-commerce,167893.0,2570.56,01/16/2024,4432.0,66,15989.78,6.22,E-commerce,UK,0.0264,0.58,38.95
Display - SaaS,173307.0,3390.76,10/12/2024,3292.0,74,21574.44,6.36,SaaS,UAE,0.019,1.03,45.82
Video - E-commerce,83678.0,4583.26,05/20/2024,2761.0,35,4630.48,1.01,E-commerce,USA,0.033,1.66,130.95
Search - Healthcare,123372.0,7716.5,08/11/2024,3355.0,224,57352.38,7.43,Healthcare,UK,0.0272,2.3,34.45
shopping - saas,,,04/17/2024,,40,6289.61,6.89,SaaS,India,0.0235,1.27,22.83
Search - Fintech,10108.0,163.2,04/10/2024,320.0,8,624.2,3.82,Fintech,USA,0.0317,0.51,20.4
Video - Fintech,27931.0,924.16,09/04/2024,608.0,10,1389.72,1.5,Fintech,India,0.0218,1.52,92.42
Search - Fintech,25930.0,334.95,08/14/2024,609.0,7,509.29,1.52,Fintech,USA,0.0235,0.55,47.85
Shopping - Fintech,120631.0,1179.64,10/04/2024,1532.0,114,25286.78,21.44,Fintech,India,0.0127,0.77,10.35
Search - SaaS,172967.0,10433.28,11/29/2024,5016.0,331,75767.62,7.26,SaaS,Germany,0.029,2.08,31.52
Shopping - Fintech,104616.0,7164.96,08/24/2024,4048.0,233,45906.84,6.41,Fintech,UAE,0.0387,1.77,30.75
Display - SaaS,18140.0,523.25,11/25/2024,455.0,29,1746.46,3.34,SaaS,USA,0.0251,1.15,18.04
video - saas,98079.0,7032.68,09/06/2024,3226.0,44,1401.71,0.2,SaaS,Canada,0.0329,2.18,159.83
Search - EdTech,18706.0,201.52,07/18/2024,458.0,35,7330.28,36.37,EdTech,UAE,0.0245,0.44,5.76
Shopping - E-commerce,167917.0,3747.6,12/22/2024,6246.0,413,25997.62,6.94,E-commerce,Canada,0.0372,0.6,9.07
Video - E-commerce,98264.0,4904.64,04/22/2024,3144.0,129,23127.27,4.72,E-commerce,UAE,0.032,1.56,38.02
Video - SaaS,39253.0,1402.5,10/15/2024,1122.0,81,15452.61,11.02,SaaS,USA,0.0286,1.25,17.31
