Campaign name,Total Views,Spend,By Day,Total Clicks,Total Conv.,Total Revenue,ROAS,Industry,Country,CTR,CPC,CPA
search - edtech,,,22/01/2024,,411,64126.68,10.41,EdTech,UK,0.0385,1.18,14.99
Video - Healthcare,92313.0,5092.35,15/06/2024,5991.0,267,10489.07,2.06,Healthcare,USA,0.0649,0.85,19.07
Shopping - SaaS,83953.0,7834.2,02/01/2024,5935.0,296,50505.07,6.45,SaaS,Germany,0.0707,1.32,26.47
Search - Healthcare,91807.0,8663.77,22/02/2024,4489.0,107,3369.53,0.39,Healthcare,UK,0.0489,1.93,80.97
Search - Fintech,17666.0,267.88,15/10/2024,724.0,23,5220.85,19.49,Fintech,Canada,0.041,0.37,11.65
Search - EdTech,92939.0,3416.16,05/04/2024,5176.0,388,96298.69,28.19,EdTech,UAE,0.0557,0.66,8.8
Shopping - EdTech,37711.0,1435.48,22/04/2024,2111.0,92,13898.86,9.68,EdTech,Canada,0.056,0.68,15.6
Shopping - E-commerce,96412.0,7822.17,15/10/2024,7047.0,194,36717.43,4.69,E-commerce,Germany,0.0731,1.11,40.32
Video - Fintech,184476.0,3098.9,13/08/2024,8854.0,198,56216.92,18.14,Fintech,Canada,0.048,0.35,15.65
search - fintech,38828.0,3498.79,20/08/2024,3607.0,116,8788.51,2.51,Fintech,Germany,0.0929,0.97,30.16
Video - EdTech,194407.0,11153.7,30/12/2024,13122.0,379,56289.95,5.05,EdTech,India,0.0675,0.85,29.43
Shopping - EdTech,91900.0,2488.88,23/05/2024,4696.0,367,109696.83,44.07,EdTech,Canada,0.0511,0.53,6.78
Shopping - Healthcare,133148.0,4560.0,12/11/2024,9120.0,279,83385.98,18.29,Healthcare,UAE,0.0685,0.5,16.34
Shopping - Fintech,174160.0,17816.72,24/05/2024,9683.0,512,73177.92,4.11,Fintech,India,0.0556,1.84,34.8
Display - Fintech,6015.0,791.3,05/01/2024,410.0,28,4383.32,5.54,Fintech,UAE,0.0683,1.93,28.26
Search - EdTech,97193.0,9968.0,14/10/2024,6230.0,306,81609.12,8.19,EdTech,India,0.0641,1.6,32.58
Display - SaaS,108196.0,5280.66,21/03/2024,5334.0,289,27408.56,5.19,SaaS,Canada,0.0493,0.99,18.27
Shopping - EdTech,72444.0,3251.21,29/11/2024,2339.0,153,12919.22,3.97,EdTech,UK,0.0323,1.39,21.25
display - saas,138515.0,2232.27,28/12/2024,4377.0,285,10321.59,4.62,SaaS,India,0.0316,0.51,7.83
Video - Healthcare,108145.0,3649.08,11/01/2024,3882.0,98,28726.52,7.87,Healthcare,Germany,0.0359,0.94,37.24
Search - SaaS,72642.0,3496.24,29/04/2024,3014.0,59,15070.44,4.31,SaaS,India,0.0415,1.16,59.26
Display - Healthcare,131678.0,7620.34,07/04/2024,8374.0,505,29682.01,3.9,Healthcare,UAE,0.0636,0.91,15.09
Video - SaaS,99457.0,9292.8,26/03/2024,5808.0,80,12231.1,1.32,SaaS,UAE,0.0584,1.6,116.16
Video - Healthcare,79553.0,840.72,14/02/2024,2712.0,170,16973.79,20.19,Healthcare,Canada,0.0341,0.31,4.95
Search - Fintech,104986.0,2207.16,18/09/2024,6131.0,219,57679.5,26.13,Fintech,Germany,0.0584,0.36,10.08
Search - Fintech,162795.0,7782.72,08/01/2024,8107.0,575,86383.64,11.1,Fintech,UK,0.0498,0.96,13.54
Display - SaaS,81619.0,1702.81,22/09/2024,3623.0,222,46448.44,27.28,SaaS,UAE,0.0444,0.47,7.67
Display - SaaS,29089.0,699.4,24/05/2024,1076.0,40,8233.32,11.77,SaaS,UK,0.037,0.65,17.48
Search - E-commerce,22772.0,992.75,04/12/2024,1045.0,38,5743.6,5.79,E-commerce,Australia,0.0459,0.95,26.12
Video - EdTech,100673.0,6003.9,26/10/2024,5718.0,196,41067.13,6.84,EdTech,India,0.0568,1.05,30.63
shopping - healthcare,,,13/12/2024,,936,60355.75,3.75,Healthcare,Australia,0.0776,1.08,17.19
Display - EdTech,152235.0,4455.92,21/05/2024,6104.0,252,48424.44,10.87,EdTech,UK,0.0401,0.73,17.68
Search - SaaS,141614.0,3736.95,09/11/2024,10677.0,305,62355.52,16.69,SaaS,Australia,0.0754,0.35,12.25
Video - SaaS,75553.0,1465.64,28/10/2024,3331.0,203,33301.04,22.72,SaaS,Canada,0.0441,0.44,7.22
Display - Fintech,70428.0,3872.7,22/05/2024,3310.0,164,25462.93,6.57,Fintech,Germany,0.047,1.17,23.61
Shopping - EdTech,12345.0,282.72,09/06/2024,456.0,21,5118.94,18.11,EdTech,USA,0.037,0.62,13.46
Shopping - SaaS,34118.0,1249.5,26/01/2024,1470.0,55,3037.11,2.43,SaaS,Germany,0.0431,0.85,22.72
Display - E-commerce,20282.0,2175.0,19/04/2024,1740.0,94,14237.0,6.55,E-commerce,Canada,0.0858,1.25,23.14
Shopping - E-commerce,91795.0,4636.0,01/03/2024,3800.0,157,24815.09,5.35,E-commerce,UK,0.0414,1.22,29.53
display - edtech,,,19/12/2024,,460,99299.9,14.57,EdTech,Germany,0.0737,0.88,14.82
Search - Fintech,180021.0,21099.05,06/12/2024,13105.0,880,75656.62,3.59,Fintech,UK,0.0728,1.61,23.98
Video - EdTech,79965.0,3131.4,13/04/2024,3070.0,237,65306.0,20.86,EdTech,UK,0.0384,1.02,13.21
Video - SaaS,195026.0,17664.99,11/04/2024,9653.0,371,94022.57,5.32,SaaS,Germany,0.0495,1.83,47.61
Shopping - Healthcare,130438.0,12353.6,17/02/2024,7721.0,353,70310.53,5.69,Healthcare,Canada,0.0592,1.6,35.0
Shopping - SaaS,141917.0,3165.36,14/12/2024,4796.0,369,11953.05,3.78,SaaS,India,0.0338,0.66,8.58
Shopping - SaaS,146958.0,12589.92,22/11/2024,7494.0,538,117826.98,9.36,SaaS,USA,0.051,1.68,23.4
Search - E-commerce,170396.0,10949.04,25/09/2024,10138.0,494,99795.18,9.11,E-commerce,India,0.0595,1.08,22.16
Video - Fintech,141643.0,3921.96,10/06/2024,8526.0,379,51038.1,13.01,Fintech,USA,0.0602,0.46,10.35
Search - SaaS,111956.0,9280.27,27/10/2024,5911.0,253,68395.54,7.37,SaaS,Canada,0.0528,1.57,36.68
Display - SaaS,72293.0,8202.92,10/08/2024,4532.0,169,35145.36,4.28,SaaS,India,0.0627,1.81,48.54
Display - E-commerce,160892.0,5838.08,25/10/2024,9122.0,590,170654.73,29.23,E-commerce,Canada,0.0567,0.64,9.9
Search - EdTech,154092.0,10366.2,14/03/2024,8860.0,246,23706.53,2.29,EdTech,USA,0.0575,1.17,42.14
Video - SaaS,58521.0,6138.3,17/01/2024,3318.0,39,10013.26,1.63,SaaS,India,0.0567,1.85,157.39
Search - SaaS,48361.0,2360.31,04/10/2024,2713.0,54,7890.9,3.34,SaaS,USA,0.0561,0.87,43.71
Display - Healthcare,179870.0,10800.0,11/05/2024,7500.0,112,5446.79,0.5,Healthcare,UAE,0.0417,1.44,96.43
search - e-commerce,114850.0,13421.42,06/10/2024,8234.0,245,35478.84,2.64,E-commerce,Canada,0.0717,1.63,54.78
Search - Healthcare,132426.0,2338.88,24/07/2024,7309.0,171,24136.13,10.32,Healthcare,Australia,0.0552,0.32,13.68
Search - E-commerce,159692.0,2546.34,29/11/2024,6882.0,523,106309.31,41.75,E-commerce,Germany,0.0431,0.37,4.87
Shopping - Fintech,66842.0,3274.6,27/05/2024,2339.0,123,14081.65,4.3,Fintech,USA,0.035,1.4,26.62
Display - Fintech,25025.0,540.08,14/09/2024,1256.0,38,5694.61,10.54,Fintech,UAE,0.0502,0.43,14.21
Search - EdTech,17356.0,425.5,17/10/2024,925.0,62,5476.85,12.87,EdTech,Canada,0.0533,0.46,6.86
Search - EdTech,86257.0,3815.51,25/06/2024,4597.0,301,80903.28,21.2,EdTech,India,0.0533,0.83,12.68
Shopping - E-commerce,98500.0,3424.54,15/11/2024,5614.0,220,7676.57,2.24,E-commerce,UAE,0.057,0.61,15.57
Search - Fintech,41468.0,3722.94,25/07/2024,3354.0,81,5215.94,1.4,Fintech,UAE,0.0809,1.11,45.96
Display - Healthcare,42019.0,4498.29,21/06/2024,2979.0,234,56724.23,12.61,Healthcare,USA,0.0709,1.51,19.22
Shopping - EdTech,34063.0,472.34,28/01/2024,1243.0,40,10897.53,23.07,EdTech,USA,0.0365,0.38,11.81
Shopping - Healthcare,107476.0,8001.9,13/04/2024,4707.0,293,72605.27,9.07,Healthcare,Australia,0.0438,1.7,27.31
Search - Fintech,33302.0,841.96,16/12/2024,3007.0,95,3253.81,3.86,Fintech,Canada,0.0903,0.28,8.86
Search - EdTech,66169.0,3064.93,01/08/2024,2057.0,136,39364.99,12.84,EdTech,India,0.0311,1.49,22.54
Shopping - EdTech,30517.0,2060.0,23/05/2024,2575.0,205,7811.94,3.79,EdTech,Australia,0.0844,0.8,10.05
video - e-commerce,,,04/04/2024,,213,10475.22,1.22,E-commerce,Australia,0.0397,1.49,40.31
Video - EdTech,159813.0,6817.5,05/04/2024,7575.0,319,35965.7,5.28,EdTech,India,0.0474,0.9,21.37
display - healthcare,135956.0,5764.5,21/09/2024,11529.0,732,207824.45,36.05,Healthcare,UK,0.0848,0.5,7.88
search - healthcare,132992.0,5072.64,17/03/2024,7926.0,553,41271.28,8.14,Healthcare,India,0.0596,0.64,9.17
Video - Healthcare,13597.0,1426.77,13/08/2024,747.0,25,5673.88,3.98,Healthcare,India,0.055,1.91,57.07
Search - EdTech,36027.0,2991.6,08/11/2024,2770.0,205,16618.85,5.56,EdTech,India,0.0769,1.08,14.59
shopping - e-commerce,,,19/08/2024,,85,4068.49,1.36,E-commerce,Canada,0.0402,1.3,35.21
shopping - healthcare,,,20/10/2024,,216,49228.57,6.15,Healthcare,India,0.0582,1.26,37.06
Display - EdTech,122192.0,4354.02,03/04/2024,4398.0,348,64414.08,14.79,EdTech,UK,0.036,0.99,12.51
display - saas,55599.0,6063.08,27/09/2024,3697.0,217,25513.42,4.21,SaaS,UK,0.0665,1.64,27.94
Search - Fintech,113297.0,17511.75,17/02/2024,9675.0,380,16593.87,0.95,Fintech,Germany,0.0854,1.81,46.08
Display - SaaS,146842.0,13094.58,17/04/2024,10646.0,615,113988.39,8.71,SaaS,Germany,0.0725,1.23,21.29
search - fintech,,,18/08/2024,,143,23555.27,4.06,Fintech,India,0.0853,1.71,40.57
Display - SaaS,178503.0,5397.84,01/10/2024,9639.0,146,40162.93,7.44,SaaS,Canada,0.054,0.56,36.97
Shopping - SaaS,176946.0,11854.24,19/05/2024,13784.0,743,208986.19,17.63,SaaS,India,0.0779,0.86,15.95
Video - EdTech,188846.0,17359.27,17/01/2024,12671.0,821,86047.94,4.96,EdTech,UAE,0.0671,1.37,21.14
Search - SaaS,10209.0,562.06,27/03/2024,314.0,13,3231.96,5.75,SaaS,UK,0.0308,1.79,43.24
Video - E-commerce,31140.0,2294.08,27/11/2024,1712.0,63,5569.82,2.43,E-commerce,India,0.055,1.34,36.41
Search - SaaS,85428.0,4415.24,14/01/2024,5134.0,202,37603.74,8.52,SaaS,India,0.0601,0.86,21.86
Video - EdTech,192428.0,15947.2,05/05/2024,9967.0,570,78044.55,4.89,EdTech,UAE,0.0518,1.6,27.98
video - healthcare,180309.0,3784.95,05/06/2024,5823.0,232,46549.68,12.3,Healthcare,Australia,0.0323,0.65,16.31
Video - E-commerce,125419.0,3507.1,23/12/2024,4126.0,294,32829.78,9.36,E-commerce,Canada,0.0329,0.85,11.93
Video - SaaS,123680.0,5023.8,05/02/2024,8373.0,263,12412.26,2.47,SaaS,UK,0.0677,0.6,19.1
search - edtech,,,14/04/2024,,59,2846.94,0.7,EdTech,Canada,0.0328,1.27,69.42
Shopping - SaaS,44405.0,2988.09,08/03/2024,1953.0,22,6030.56,2.02,SaaS,USA,0.044,1.53,135.82
Display - SaaS,140440.0,8041.0,01/05/2024,11825.0,748,31071.69,3.86,SaaS,Australia,0.0842,0.68,10.75
Display - Healthcare,112392.0,8091.76,27/06/2024,4934.0,363,91221.43,11.27,Healthcare,USA,0.0439,1.64,22.29
Shopping - Healthcare,125654.0,4824.44,17/04/2024,8318.0,566,117035.13,24.26,Healthcare,Australia,0.0662,0.58,8.52
Search - SaaS,108247.0,4112.89,06/04/2024,6971.0,517,139391.79,33.89,SaaS,Australia,0.0644,0.59,7.96
Search - Healthcare,40709.0,919.8,03/08/2024,1314.0,90,16081.05,17.48,Healthcare,India,0.0323,0.7,10.22
Video - Fintech,130865.0,14002.28,24/09/2024,9461.0,221,46411.13,3.31,Fintech,USA,0.0723,1.48,63.36
Shopping - SaaS,147355.0,6811.35,15/06/2024,7485.0,81,14520.06,2.13,SaaS,India,0.0508,0.91,84.09
Display - SaaS,42706.0,3313.56,25/01/2024,2084.0,35,4766.32,1.44,SaaS,UK,0.0488,1.59,94.67
Search - SaaS,7637.0,639.1,27/02/2024,415.0,10,1137.83,1.78,SaaS,UAE,0.0544,1.54,63.91
Video - Healthcare,115310.0,3333.2,01/04/2024,3205.0,134,14521.43,4.36,Healthcare,USA,0.0278,1.04,24.87
Search - E-commerce,198085.0,11857.2,14/09/2024,14460.0,1133,295028.26,24.88,E-commerce,Canada,0.073,0.82,10.47
Video - EdTech,101176.0,6244.8,15/06/2024,6505.0,459,44008.34,7.05,EdTech,UK,0.0643,0.96,13.61
Video - SaaS,41307.0,779.19,07/08/2024,1367.0,92,6211.99,7.97,SaaS,UAE,0.0331,0.57,8.47
Search - Healthcare,47462.0,955.59,17/10/2024,1803.0,98,29213.28,30.57,Healthcare,India,0.038,0.53,9.75
Display - EdTech,99202.0,9899.12,19/06/2024,6428.0,165,34456.26,3.48,EdTech,Germany,0.0648,1.54,59.99
Shopping - E-commerce,177517.0,12664.47,17/07/2024,13917.0,671,36680.47,2.9,E-commerce,UAE,0.0784,0.91,18.87
Search - EdTech,196349.0,5744.25,30/12/2024,8325.0,398,42464.91,7.39,EdTech,Germany,0.0424,0.69,14.43
Search - SaaS,174898.0,16416.54,31/10/2024,13029.0,822,162206.84,9.88,SaaS,UAE,0.0745,1.26,19.97
Shopping - Fintech,133949.0,10972.88,30/08/2024,7219.0,73,21583.28,1.97,Fintech,USA,0.0539,1.52,150.31
Display - Fintech,105400.0,8551.44,15/09/2024,7704.0,442,49251.38,5.76,Fintech,Australia,0.0731,1.11,19.35
Video - SaaS,122116.0,5396.86,11/09/2024,5507.0,110,3555.98,0.66,SaaS,Canada,0.0451,0.98,49.06
Video - Fintech,41839.0,2961.09,09/05/2024,2991.0,45,9665.89,3.26,Fintech,Australia,0.0715,0.99,65.8
Shopping - Healthcare,41113.0,2253.12,16/08/2024,2347.0,33,2659.26,1.18,Healthcare,Canada,0.0571,0.96,68.28
Display - SaaS,27936.0,1850.64,21/04/2024,1402.0,99,26865.9,14.52,SaaS,Germany,0.0502,1.32,18.69
Display - SaaS,133303.0,6464.25,27/02/2024,4225.0,139,8508.68,1.32,SaaS,UK,0.0317,1.53,46.51
Search - E-commerce,164599.0,4595.69,11/08/2024,11209.0,653,133415.01,29.03,E-commerce,Australia,0.0681,0.41,7.04
Video - Fintech,188844.0,12602.8,18/04/2024,12860.0,892,133607.64,10.6,Fintech,India,0.0681,0.98,14.13
Search - E-commerce,90468.0,4602.4,10/09/2024,5753.0,141,12042.73,2.62,E-commerce,Canada,0.0636,0.8,32.64
Shopping - SaaS,93478.0,2430.12,26/03/2024,5786.0,272,27905.19,11.48,SaaS,Germany,0.0619,0.42,8.93
video - saas,,,23/12/2024,,74,14659.06,17.19,SaaS,Canada,0.0768,0.5,11.53
Display - E-commerce,93074.0,6506.5,06/10/2024,4225.0,300,11467.08,1.76,E-commerce,Australia,0.0454,1.54,21.69
Display - E-commerce,21956.0,2271.51,21/07/2024,1611.0,79,9545.28,4.2,E-commerce,India,0.0734,1.41,28.75
Video - Fintech,147658.0,5967.54,16/07/2024,6939.0,282,39581.75,6.63,Fintech,Australia,0.047,0.86,21.16
Search - SaaS,7889.0,416.0,26/06/2024,416.0,16,2147.95,5.16,SaaS,USA,0.0528,1.0,26.0
Display - SaaS,145497.0,1660.05,07/05/2024,4743.0,313,81349.35,49.0,SaaS,UK,0.0326,0.35,5.3
Display - Healthcare,115304.0,5539.56,19/07/2024,3551.0,232,22178.1,4.0,Healthcare,UK,0.0308,1.56,23.88
Shopping - Fintech,132571.0,9329.94,24/09/2024,9147.0,502,55471.3,5.95,Fintech,UAE,0.069,1.02,18.59
Search - Healthcare,41558.0,2125.97,18/04/2024,1757.0,72,18414.15,8.66,Healthcare,Australia,0.0423,1.21,29.53
Search - E-commerce,143518.0,8917.35,26/05/2024,10491.0,313,46285.52,5.19,E-commerce,Canada,0.0731,0.85,28.49
Video - SaaS,122408.0,7805.07,09/08/2024,6671.0,293,67215.82,8.61,SaaS,UK,0.0545,1.17,26.64
Search - E-commerce,162826.0,12816.6,04/07/2024,7815.0,120,13520.75,1.05,E-commerce,UAE,0.048,1.64,106.81
Search - Fintech,61921.0,1182.34,30/12/2024,3814.0,50,8842.35,7.48,Fintech,Germany,0.0616,0.31,23.65
Search - E-commerce,46420.0,3572.0,25/01/2024,1880.0,113,5769.59,1.62,E-commerce,India,0.0405,1.9,31.61
Search - SaaS,131244.0,2129.52,26/06/2024,5604.0,229,65541.49,30.78,SaaS,Germany,0.0427,0.38,9.3
Video - Healthcare,54752.0,2420.04,11/10/2024,2814.0,137,13580.22,5.61,Healthcare,Canada,0.0514,0.86,17.66
Display - EdTech,34669.0,3163.65,28/11/2024,1965.0,74,12153.4,3.84,EdTech,USA,0.0567,1.61,42.75
Video - Healthcare,109733.0,6020.56,30/05/2024,6616.0,516,53965.61,8.96,Healthcare,UAE,0.0603,0.91,11.67
Display - SaaS,67502.0,2812.32,16/09/2024,5859.0,395,42271.31,15.03,SaaS,USA,0.0868,0.48,7.12
Video - Fintech,118135.0,5624.19,06/04/2024,8151.0,428,64189.34,11.41,Fintech,Germany,0.069,0.69,13.14
Search - Fintech,20185.0,535.58,25/06/2024,878.0,27,7476.28,13.96,Fintech,UK,0.0435,0.61,19.84
Video - E-commerce,50802.0,1519.14,29/11/2024,3617.0,279,22644.29,14.91,E-commerce,Australia,0.0712,0.42,5.44
Video - SaaS,56672.0,1150.56,23/02/2024,2397.0,138,33165.74,28.83,SaaS,UAE,0.0423,0.48,8.34
Video - E-commerce,9722.0,550.55,22/08/2024,455.0,29,3533.89,6.42,E-commerce,USA,0.0469,1.21,18.98
Video - Fintech,109205.0,3779.16,12/03/2024,4499.0,49,13660.38,3.61,Fintech,Germany,0.0412,0.84,77.13
Video - Healthcare,116301.0,6087.1,17/05/2024,4198.0,212,37780.9,6.21,Healthcare,UAE,0.0361,1.45,28.71
Shopping - E-commerce,183775.0,7093.0,14/12/2024,7093.0,373,88634.0,12.5,E-commerce,Canada,0.0386,1.0,19.02
Search - Healthcare,169512.0,13359.75,19/03/2024,9475.0,203,26995.02,2.02,Healthcare,Germany,0.0559,1.41,65.81
Shopping - Healthcare,47623.0,3135.75,19/11/2024,1695.0,36,9884.86,3.15,Healthcare,Germany,0.0356,1.85,87.1
Display - SaaS,92273.0,8794.17,21/01/2024,6237.0,291,72065.02,8.19,SaaS,Germany,0.0676,1.41,30.22
Display - E-commerce,85522.0,1182.3,25/03/2024,3378.0,167,30312.31,25.64,E-commerce,UK,0.0395,0.35,7.08
Video - E-commerce,92985.0,6820.4,02/11/2024,8024.0,520,150774.99,22.11,E-commerce,Canada,0.0863,0.85,13.12
Search - E-commerce,25951.0,388.32,06/12/2024,809.0,61,10397.04,26.77,E-commerce,Canada,0.0312,0.48,6.37
search - saas,,,27/02/2024,,645,54701.33,7.93,SaaS,UAE,0.0704,0.5,10.69
Shopping - SaaS,97254.0,5567.1,02/07/2024,3374.0,63,17255.15,3.1,SaaS,Canada,0.0347,1.65,88.37
Shopping - EdTech,100028.0,5403.46,17/04/2024,7402.0,100,7280.48,1.35,EdTech,Australia,0.074,0.73,54.03
Search - EdTech,29741.0,1583.01,31/07/2024,1287.0,55,6012.36,3.8,EdTech,India,0.0433,1.23,28.78
Shopping - Fintech,13562.0,932.2,15/08/2024,790.0,40,7014.55,7.52,Fintech,Canada,0.0583,1.18,23.3
Display - Fintech,46190.0,1272.6,04/11/2024,3030.0,183,38945.83,30.6,Fintech,UAE,0.0656,0.42,6.95
Shopping - E-commerce,62600.0,2230.82,03/06/2024,3142.0,245,17495.08,7.84,E-commerce,UAE,0.0502,0.71,9.11
Video - EdTech,110940.0,9181.92,28/04/2024,6512.0,108,14612.87,1.59,EdTech,India,0.0587,1.41,85.02
Video - EdTech,149526.0,3370.38,27/08/2024,4321.0,120,25118.55,7.45,EdTech,UAE,0.0289,0.78,28.09
Display - Healthcare,81394.0,4880.48,17/10/2024,5192.0,253,41499.01,8.5,Healthcare,India,0.0638,0.94,19.29
Search - EdTech,139511.0,11318.4,13/06/2024,8384.0,209,26357.3,2.33,EdTech,UAE,0.0601,1.35,54.16
Video - Fintech,48147.0,1496.04,30/01/2024,3562.0,163,41382.29,27.66,Fintech,India,0.074,0.42,9.18
Shopping - SaaS,113886.0,6653.1,13/11/2024,4965.0,141,24007.44,3.61,SaaS,Germany,0.0436,1.34,47.19
Shopping - SaaS,139607.0,9362.99,01/11/2024,10289.0,580,94107.07,10.05,SaaS,UAE,0.0737,0.91,16.14
Search - EdTech,181833.0,4808.64,21/11/2024,10018.0,686,153650.81,31.95,EdTech,Australia,0.0551,0.48,7.01
video - saas,196889.0,8898.24,27/01/2024,9568.0,137,34964.66,3.93,SaaS,UAE,0.0486,0.93,64.95
display - edtech,77467.0,3333.0,11/02/2024,3300.0,180,42781.66,12.84,EdTech,UK,0.0426,1.01,18.52
Shopping - SaaS,62888.0,2017.27,14/07/2024,3307.0,55,12898.32,6.39,SaaS,Canada,0.0526,0.61,36.68
Search - EdTech,173050.0,5909.85,18/02/2024,8565.0,414,118511.79,20.05,EdTech,Australia,0.0495,0.69,14.28
video - e-commerce,178269.0,5446.98,04/09/2024,8646.0,93,10627.54,1.95,E-commerce,Canada,0.0485,0.63,58.57
Video - Healthcare,184504.0,12383.2,01/02/2024,15479.0,538,112251.74,9.06,Healthcare,Australia,0.0839,0.8,23.02
Shopping - Healthcare,119515.0,5868.64,19/10/2024,6824.0,89,25992.88,4.43,Healthcare,India,0.0571,0.86,65.94
Shopping - Fintech,170201.0,8327.55,21/09/2024,7931.0,182,10360.55,1.24,Fintech,USA,0.0466,1.05,45.76
Search - SaaS,136940.0,3231.27,11/04/2024,4683.0,137,12153.39,3.76,SaaS,USA,0.0342,0.69,23.59
Shopping - E-commerce,120016.0,4436.88,15/03/2024,3336.0,43,5864.19,1.32,E-commerce,Canada,0.0278,1.33,103.18
Shopping - E-commerce,138780.0,3514.75,24/09/2024,4135.0,86,7373.66,2.1,E-commerce,Australia,0.0298,0.85,40.87
Display - SaaS,61232.0,2213.25,01/03/2024,2951.0,51,15061.62,6.81,SaaS,Australia,0.0482,0.75,43.4
Display - SaaS,122286.0,11233.74,06/10/2024,7642.0,201,60002.91,5.34,SaaS,USA,0.0625,1.47,55.89
shopping - healthcare,60114.0,6637.95,06/03/2024,4917.0,279,15410.94,2.32,Healthcare,UK,0.0818,1.35,23.79
Search - E-commerce,168322.0,4518.15,05/02/2024,4965.0,228,49052.14,10.86,E-commerce,UK,0.0295,0.91,19.82
Shopping - SaaS,191443.0,11476.24,03/03/2024,6872.0,422,108198.8,9.43,SaaS,UAE,0.0359,1.67,27.19
Search - SaaS,61950.0,1222.8,30/12/2024,4076.0,97,26763.8,21.89,SaaS,Australia,0.0658,0.3,12.61
Shopping - Fintech,127790.0,8628.45,31/01/2024,7015.0,422,90118.48,10.44,Fintech,UAE,0.0549,1.23,20.45
Search - Healthcare,96310.0,8838.4,09/01/2024,6905.0,247,8632.99,0.98,Healthcare,Germany,0.0717,1.28,35.78
Display - Fintech,141447.0,13723.47,16/02/2024,9873.0,588,86774.51,6.32,Fintech,Australia,0.0698,1.39,23.34
Display - EdTech,122174.0,5719.12,30/08/2024,6499.0,413,58791.38,10.28,EdTech,India,0.0532,0.88,13.85
Search - EdTech,148949.0,12455.32,14/12/2024,12332.0,546,95805.85,7.69,EdTech,UAE,0.0828,1.01,22.81
Shopping - SaaS,131206.0,12666.87,01/09/2024,8279.0,553,61485.88,4.85,SaaS,Germany,0.0631,1.53,22.91
Search - Healthcare,70195.0,6019.38,06/07/2024,4239.0,234,38776.78,6.44,Healthcare,UAE,0.0604,1.42,25.72
Video - EdTech,112938.0,1272.57,22/12/2024,3263.0,80,22895.07,17.99,EdTech,Canada,0.0289,0.39,15.91
Display - E-commerce,113621.0,10010.88,14/07/2024,10112.0,472,84899.73,8.48,E-commerce,Canada,0.089,0.99,21.21
Display - SaaS,106069.0,1569.5,01/09/2024,3139.0,78,6648.74,4.24,SaaS,USA,0.0296,0.5,20.12
Shopping - EdTech,184969.0,20645.38,11/11/2024,15407.0,352,52669.94,2.55,EdTech,India,0.0833,1.34,58.65
Search - Fintech,6067.0,126.63,18/04/2024,201.0,12,2449.28,19.34,Fintech,Canada,0.0332,0.63,10.55
Shopping - EdTech,16094.0,968.35,23/10/2024,535.0,8,469.8,0.49,EdTech,UAE,0.0333,1.81,121.04
Search - Healthcare,163984.0,21791.28,12/12/2024,12971.0,962,170813.74,7.84,Healthcare,Canada,0.0791,1.68,22.65
video - e-commerce,,,29/12/2024,,12,2301.99,3.66,E-commerce,USA,0.031,1.72,52.46
Search - SaaS,56782.0,2611.2,16/12/2024,3264.0,154,15749.58,6.03,SaaS,USA,0.0575,0.8,16.96
Video - SaaS,191894.0,5496.26,13/08/2024,7138.0,380,85112.1,15.49,SaaS,UK,0.0372,0.77,14.46
Search - E-commerce,88115.0,3660.44,14/04/2024,5383.0,121,28357.39,7.75,E-commerce,UK,0.0611,0.68,30.25
Video - SaaS,68176.0,3321.96,24/02/2024,2679.0,173,19288.91,5.81,SaaS,India,0.0393,1.24,19.2
Display - Healthcare,111399.0,5069.1,20/04/2024,4155.0,176,18559.1,3.66,Healthcare,Australia,0.0373,1.22,28.8
search - saas,156601.0,2674.68,03/12/2024,8628.0,362,23745.71,8.88,SaaS,UK,0.0551,0.31,7.39
Shopping - SaaS,25860.0,1694.52,08/12/2024,1569.0,79,13162.62,7.77,SaaS,Canada,0.0607,1.08,21.45
video - saas,,,27/11/2024,,469,125930.93,22.53,SaaS,USA,0.0738,0.82,11.92
Shopping - EdTech,79967.0,2443.35,24/01/2024,2327.0,43,11334.87,4.64,EdTech,UK,0.0291,1.05,56.82
Search - SaaS,40886.0,980.1,27/09/2024,1782.0,132,28189.38,28.76,SaaS,Canada,0.0436,0.55,7.42
Shopping - SaaS,37646.0,2061.4,30/03/2024,1874.0,144,16795.87,8.15,SaaS,India,0.0498,1.1,14.32
Video - Fintech,150250.0,4821.32,28/05/2024,7196.0,534,36153.63,7.5,Fintech,India,0.0479,0.67,9.03
Display - E-commerce,72963.0,2696.64,27/10/2024,5618.0,412,16464.01,6.11,E-commerce,India,0.077,0.48,6.55
Display - SaaS,82661.0,6342.77,25/11/2024,4769.0,271,79985.87,12.61,SaaS,UK,0.0577,1.33,23.41
Shopping - Fintech,169238.0,3488.99,18/12/2024,6583.0,507,146453.92,41.98,Fintech,USA,0.0389,0.53,6.88
Search - Healthcare,47278.0,4737.07,21/08/2024,2803.0,201,39448.18,8.33,Healthcare,Germany,0.0593,1.69,23.57
Search - SaaS,109222.0,7963.54,17/12/2024,7306.0,124,12349.14,1.55,SaaS,Germany,0.0669,1.09,64.22
Search - SaaS,45382.0,3571.14,04/04/2024,2246.0,46,2662.9,0.75,SaaS,UK,0.0495,1.59,77.63
search - edtech,,,05/12/2024,,37,10377.15,4.26,EdTech,India,0.0289,1.18,65.86
Display - SaaS,103026.0,12964.38,01/01/2024,9066.0,278,46631.0,3.6,SaaS,USA,0.088,1.43,46.63
Display - Healthcare,89224.0,10457.45,06/07/2024,5255.0,336,94667.83,9.05,Healthcare,UK,0.0589,1.99,31.12
search - saas,,,24/12/2024,,314,81199.4,10.75,SaaS,India,0.0628,1.17,24.06
Shopping - SaaS,55701.0,1406.92,16/01/2024,4138.0,229,20016.59,14.23,SaaS,Australia,0.0743,0.34,6.14
Search - SaaS,199291.0,19325.6,04/04/2024,16660.0,1016,207611.26,10.74,SaaS,UK,0.0836,1.16,19.02
Shopping - EdTech,116800.0,5845.7,18/09/2024,8351.0,493,80828.76,13.83,EdTech,UK,0.0715,0.7,11.86
Display - Healthcare,186782.0,15411.6,07/03/2024,14270.0,931,224929.42,14.59,Healthcare,Australia,0.0764,1.08,16.55
Video - Healthcare,23883.0,2077.92,06/12/2024,1332.0,66,10903.46,5.25,Healthcare,UAE,0.0558,1.56,31.48
Display - EdTech,154712.0,11111.04,25/09/2024,10288.0,439,80440.02,7.24,EdTech,Australia,0.0665,1.08,25.31
Video - EdTech,60438.0,7997.76,06/04/2024,5554.0,286,35506.6,4.44,EdTech,Germany,0.0919,1.44,27.96
Shopping - SaaS,39626.0,679.76,02/10/2024,1172.0,22,1100.59,1.62,SaaS,Germany,0.0296,0.58,30.9
shopping - e-commerce,103730.0,6415.8,20/04/2024,4335.0,104,27379.91,4.27,E-commerce,UAE,0.0418,1.48,61.69
Search - Fintech,179120.0,8442.24,05/06/2024,8794.0,646,31918.96,3.78,Fintech,Australia,0.0491,0.96,13.07
Search - Healthcare,141087.0,4667.96,03/10/2024,10609.0,737,190244.62,40.76,Healthcare,Australia,0.0752,0.44,6.33
Video - SaaS,184745.0,20793.17,03/11/2024,12451.0,404,23357.33,1.12,SaaS,Australia,0.0674,1.67,51.47
Shopping - Fintech,80885.0,1757.8,03/06/2024,3995.0,79,10692.34,6.08,Fintech,India,0.0494,0.44,22.25
Shopping - EdTech,119944.0,5691.91,21/01/2024,9331.0,717,101587.49,17.85,EdTech,UAE,0.0778,0.61,7.94
Search - Healthcare,69198.0,1940.95,27/01/2024,3529.0,256,15199.33,7.83,Healthcare,Canada,0.051,0.55,7.58
Video - EdTech,21689.0,850.25,04/07/2024,895.0,22,4747.38,5.58,EdTech,India,0.0413,0.95,38.65
Search - EdTech,24504.0,1276.58,14/03/2024,899.0,41,3721.4,2.92,EdTech,India,0.0367,1.42,31.14
Search - Healthcare,160522.0,6021.75,21/01/2024,5425.0,398,79057.93,13.13,Healthcare,Canada,0.0338,1.11,15.13
Display - Healthcare,92601.0,2113.8,10/05/2024,4065.0,324,24076.73,11.39,Healthcare,Canada,0.0439,0.52,6.52
Shopping - SaaS,139162.0,9941.28,25/09/2024,7152.0,137,29124.09,2.93,SaaS,Canada,0.0514,1.39,72.56
Video - E-commerce,82400.0,2966.4,19/08/2024,3708.0,139,31548.51,10.64,E-commerce,UK,0.045,0.8,21.34
Shopping - Fintech,18181.0,754.56,20/11/2024,1179.0,24,4581.7,6.07,Fintech,Canada,0.0649,0.64,31.44
Video - E-commerce,185510.0,19964.95,24/08/2024,9739.0,461,116711.4,5.85,E-commerce,Australia,0.0525,2.05,43.31
Search - EdTech,135992.0,3209.2,20/08/2024,8023.0,640,50560.98,15.76,EdTech,Germany,0.059,0.4,5.01
Display - Fintech,178714.0,8617.26,16/10/2024,7559.0,312,39985.98,4.64,Fintech,USA,0.0423,1.14,27.62
Display - SaaS,113190.0,5617.44,05/07/2024,3984.0,172,10269.39,1.83,SaaS,UK,0.0352,1.41,32.66
Shopping - SaaS,174668.0,6877.08,31/01/2024,10916.0,310,37599.64,5.47,SaaS,India,0.0625,0.63,22.18
Search - EdTech,105726.0,11958.8,17/11/2024,8542.0,662,104498.78,8.74,EdTech,USA,0.0808,1.4,18.06
Display - Healthcare,74285.0,1319.22,12/02/2024,2094.0,92,18972.8,14.38,Healthcare,UAE,0.0282,0.63,14.34
Search - E-commerce,128295.0,3943.8,09/10/2024,4695.0,276,42279.01,10.72,E-commerce,UK,0.0366,0.84,14.29
Video - Healthcare,153537.0,7277.0,17/09/2024,7277.0,175,48117.42,6.61,Healthcare,UAE,0.0474,1.0,41.58
Search - Fintech,186434.0,14425.95,21/06/2024,8743.0,87,21530.58,1.49,Fintech,Germany,0.0469,1.65,165.82
Shopping - SaaS,50955.0,4942.84,02/08/2024,3892.0,224,60995.17,12.34,SaaS,USA,0.0764,1.27,22.07
Video - SaaS,53167.0,1115.84,22/09/2024,2536.0,145,11216.46,10.05,SaaS,Germany,0.0477,0.44,7.7
Display - SaaS,68474.0,2313.81,11/08/2024,4923.0,198,32574.4,14.08,SaaS,USA,0.0719,0.47,11.69
Video - SaaS,12838.0,329.28,12/08/2024,784.0,56,2887.05,8.77,SaaS,Australia,0.0611,0.42,5.88
Video - E-commerce,38799.0,429.99,11/04/2024,1303.0,51,4095.81,9.53,E-commerce,Germany,0.0336,0.33,8.43
Video - EdTech,134132.0,3849.08,29/03/2024,4694.0,306,52932.5,13.75,EdTech,Australia,0.035,0.82,12.58
Shopping - Fintech,95288.0,3625.08,01/02/2024,7108.0,454,132401.61,36.52,Fintech,India,0.0746,0.51,7.98
Video - Healthcare,68620.0,1728.96,28/09/2024,3602.0,134,22980.94,13.29,Healthcare,UK,0.0525,0.48,12.9
Video - Healthcare,95975.0,6849.44,06/07/2024,3848.0,66,6246.82,0.91,Healthcare,Australia,0.0401,1.78,103.78
Display - SaaS,165232.0,5865.09,11/03/2024,7617.0,601,102707.85,17.51,SaaS,UK,0.0461,0.77,9.76
Display - SaaS,149143.0,2742.75,26/12/2024,5175.0,140,11705.28,4.27,SaaS,USA,0.0347,0.53,19.59
Video - Healthcare,118687.0,7939.5,14/04/2024,10586.0,635,88046.75,11.09,Healthcare,USA,0.0892,0.75,12.5
Search - EdTech,89946.0,3252.06,26/09/2024,5162.0,349,87393.19,26.87,EdTech,India,0.0574,0.63,9.32
search - edtech,,,05/12/2024,,695,102403.13,5.88,EdTech,India,0.069,1.48,25.06
Video - EdTech,172820.0,8268.0,18/01/2024,5512.0,229,38190.22,4.62,EdTech,UK,0.0319,1.5,36.1
Shopping - EdTech,148573.0,15409.62,20/07/2024,8706.0,643,163989.09,10.64,EdTech,UAE,0.0586,1.77,23.97
Search - SaaS,89403.0,8255.44,18/09/2024,5578.0,414,80503.15,9.75,SaaS,UK,0.0624,1.48,19.94
Shopping - E-commerce,161904.0,4555.95,09/06/2024,4339.0,178,22405.85,4.92,E-commerce,Australia,0.0268,1.05,25.6
Display - SaaS,53709.0,2552.52,06/02/2024,2868.0,222,47503.54,18.61,SaaS,Australia,0.0534,0.89,11.5
Display - Fintech,178782.0,9862.4,26/08/2024,7705.0,352,30909.61,3.13,Fintech,UAE,0.0431,1.28,28.02
video - edtech,,,05/01/2024,,29,5633.14,3.34,EdTech,Australia,0.0568,0.57,58.1
Search - E-commerce,95853.0,1443.98,12/07/2024,4658.0,92,27317.08,18.92,E-commerce,India,0.0486,0.31,15.7
Shopping - E-commerce,72986.0,5980.83,17/05/2024,3379.0,188,17387.72,2.91,E-commerce,USA,0.0463,1.77,31.81
Video - EdTech,157625.0,4539.36,11/02/2024,9457.0,534,147520.8,32.5,EdTech,India,0.06,0.48,8.5
Video - E-commerce,56529.0,6785.94,14/12/2024,4494.0,104,9525.68,1.4,E-commerce,UK,0.0795,1.51,65.25
Shopping - EdTech,176030.0,19749.29,13/04/2024,13079.0,200,41247.07,2.09,EdTech,USA,0.0743,1.51,98.75
Search - Healthcare,129077.0,4959.3,19/09/2024,4065.0,295,44193.52,8.91,Healthcare,Germany,0.0315,1.22,16.81
Display - Healthcare,187199.0,16007.88,07/11/2024,12036.0,946,165825.37,10.36,Healthcare,UK,0.0643,1.33,16.92
Search - Healthcare,69277.0,5360.42,03/01/2024,5057.0,268,57608.77,10.75,Healthcare,USA,0.073,1.06,20.0
search - e-commerce,97345.0,3158.58,14/08/2024,5178.0,289,44113.49,13.97,E-commerce,Germany,0.0532,0.61,10.93
Video - E-commerce,143519.0,9046.34,18/06/2024,10519.0,673,28878.71,3.19,E-commerce,India,0.0733,0.86,13.44
Search - SaaS,34076.0,1553.82,24/10/2024,1363.0,16,2219.67,1.43,SaaS,UAE,0.04,1.14,97.11
Shopping - Healthcare,37261.0,1718.28,29/05/2024,1591.0,40,8930.04,5.2,Healthcare,Germany,0.0427,1.08,42.96
Search - Healthcare,166446.0,8995.3,17/08/2024,7822.0,218,21100.54,2.35,Healthcare,Australia,0.047,1.15,41.26
Shopping - EdTech,158807.0,3339.63,30/10/2024,5859.0,73,7304.51,2.19,EdTech,Germany,0.0369,0.57,45.75
Display - Fintech,68642.0,1244.31,07/08/2024,3363.0,37,8887.57,7.14,Fintech,UK,0.049,0.37,33.63
Search - E-commerce,179818.0,12075.72,10/03/2024,11724.0,880,242039.99,20.04,E-commerce,Australia,0.0652,1.03,13.72
Search - Fintech,12784.0,400.9,10/06/2024,1055.0,67,12031.35,30.01,Fintech,India,0.0826,0.38,5.98
Display - SaaS,179039.0,19941.68,21/07/2024,14663.0,1151,281693.26,14.13,SaaS,UAE,0.0819,1.36,17.33
Search - SaaS,57448.0,1169.0,04/04/2024,2338.0,143,25654.56,21.95,SaaS,UAE,0.0407,0.5,8.17
Display - Fintech,29180.0,775.92,20/01/2024,1464.0,59,11729.57,15.12,Fintech,India,0.0502,0.53,13.15
Display - SaaS,132081.0,7136.21,05/04/2024,10051.0,229,62261.45,8.72,SaaS,Canada,0.0761,0.71,31.16
Display - EdTech,153936.0,5246.55,20/12/2024,5895.0,373,85268.07,16.25,EdTech,India,0.0383,0.89,14.07
Display - E-commerce,41232.0,1970.54,07/04/2024,1859.0,126,22069.99,11.2,E-commerce,Germany,0.0451,1.06,15.64
Display - E-commerce,196312.0,16181.76,05/03/2024,12642.0,584,148695.91,9.19,E-commerce,Canada,0.0644,1.28,27.71
Shopping - E-commerce,17626.0,601.02,31/10/2024,1113.0,50,2568.51,4.27,E-commerce,USA,0.0632,0.54,12.02
Shopping - Healthcare,56069.0,2506.65,17/11/2024,2949.0,150,29064.28,11.59,Healthcare,Germany,0.0526,0.85,16.71
Video - SaaS,49390.0,5557.2,22/03/2024,3368.0,195,57395.9,10.33,SaaS,Canada,0.0682,1.65,28.5
Shopping - SaaS,50819.0,3045.7,28/02/2024,3206.0,222,24319.42,7.98,SaaS,UAE,0.0631,0.95,13.72
display - e-commerce,133422.0,6935.56,24/02/2024,8458.0,663,111531.65,16.08,E-commerce,India,0.0634,0.82,10.46
Search - EdTech,118483.0,14915.94,12/05/2024,8826.0,570,139364.5,9.34,EdTech,Germany,0.0745,1.69,26.17
Search - E-commerce,161640.0,2721.36,16/08/2024,5916.0,445,30797.18,11.32,E-commerce,Australia,0.0366,0.46,6.12
shopping - fintech,,,16/11/2024,,150,24443.12,6.03,Fintech,UK,0.0572,1.07,27.04
Video - E-commerce,126854.0,5866.83,09/05/2024,7243.0,474,55705.28,9.49,E-commerce,UK,0.0571,0.81,12.38
Shopping - E-commerce,96432.0,2504.25,19/05/2024,7155.0,336,47954.95,19.15,E-commerce,UK,0.0742,0.35,7.45
Shopping - SaaS,154656.0,2622.8,06/12/2024,6557.0,345,49646.11,18.93,SaaS,USA,0.0424,0.4,7.6
Search - Healthcare,8311.0,766.36,30/12/2024,476.0,18,1064.02,1.39,Healthcare,Germany,0.0573,1.61,42.58
Shopping - E-commerce,140121.0,4109.08,16/05/2024,4778.0,291,84859.67,20.65,E-commerce,Canada,0.0341,0.86,14.12
Shopping - SaaS,88940.0,1402.88,16/01/2024,4384.0,66,10447.12,7.45,SaaS,Germany,0.0493,0.32,21.26
Search - Healthcare,17911.0,1320.2,08/02/2024,1148.0,52,3388.21,2.57,Healthcare,India,0.0641,1.15,25.39
Search - E-commerce,168616.0,6638.16,18/01/2024,6508.0,508,151081.09,22.76,E-commerce,India,0.0386,1.02,13.07
Video - EdTech,26471.0,1776.6,02/06/2024,1890.0,74,21647.86,12.18,EdTech,India,0.0714,0.94,24.01
Video - Fintech,10156.0,146.94,31/07/2024,474.0,29,1480.61,10.08,Fintech,UAE,0.0467,0.31,5.07
Shopping - SaaS,125354.0,2162.65,01/03/2024,6179.0,259,9238.12,4.27,SaaS,UAE,0.0493,0.35,8.35
Shopping - EdTech,35932.0,1310.4,22/04/2024,1440.0,68,16668.75,12.72,EdTech,USA,0.0401,0.91,19.27
Display - EdTech,116561.0,4231.0,01/04/2024,4231.0,172,42291.58,10.0,EdTech,Australia,0.0363,1.0,24.6
Video - Fintech,116045.0,2331.0,11/12/2024,6660.0,467,76092.65,32.64,Fintech,Germany,0.0574,0.35,4.99
display - fintech,187663.0,7445.1,22/06/2024,10790.0,121,18190.79,2.44,Fintech,UK,0.0575,0.69,61.53
Display - Healthcare,85066.0,7673.9,31/10/2024,5903.0,465,85397.14,11.13,Healthcare,USA,0.0694,1.3,16.5
Shopping - Fintech,90443.0,2159.73,05/02/2024,3789.0,94,16003.58,7.41,Fintech,UK,0.0419,0.57,22.98
Video - Fintech,76922.0,3523.08,29/05/2024,2669.0,110,12940.72,3.67,Fintech,USA,0.0347,1.32,32.03
Shopping - E-commerce,130811.0,2846.4,29/10/2024,8895.0,150,31192.02,10.96,E-commerce,Germany,0.068,0.32,18.98
Shopping - Fintech,21643.0,1176.26,26/07/2024,1142.0,81,18823.45,16.0,Fintech,UAE,0.0528,1.03,14.52
Shopping - Fintech,164852.0,10569.8,01/08/2024,6445.0,471,43233.91,4.09,Fintech,UK,0.0391,1.64,22.44
Display - EdTech,30226.0,1746.16,01/04/2024,1196.0,12,2625.21,1.5,EdTech,Canada,0.0396,1.46,145.51
Display - Healthcare,150227.0,14761.1,03/02/2024,8683.0,315,86296.01,5.85,Healthcare,USA,0.0578,1.7,46.86
Shopping - Fintech,157973.0,6480.31,21/07/2024,12227.0,540,99930.16,15.42,Fintech,UK,0.0774,0.53,12.0
Display - Fintech,48898.0,2841.77,09/04/2024,3193.0,179,27594.33,9.71,Fintech,India,0.0653,0.89,15.88
Search - Healthcare,89688.0,2238.22,20/08/2024,6583.0,273,36559.47,16.33,Healthcare,Canada,0.0734,0.34,8.2
Search - Fintech,15273.0,357.28,15/08/2024,464.0,24,871.3,2.44,Fintech,Canada,0.0304,0.77,14.89
Shopping - EdTech,175330.0,6399.18,08/12/2024,8766.0,302,35245.68,5.51,EdTech,Australia,0.05,0.73,21.19
Search - EdTech,128900.0,8629.32,08/02/2024,10273.0,238,11417.91,1.32,EdTech,USA,0.0797,0.84,36.26
Display - SaaS,15739.0,554.3,30/03/2024,1205.0,60,6092.69,10.99,SaaS,India,0.0766,0.46,9.24
Video - Fintech,196745.0,21581.2,07/06/2024,13240.0,761,195233.42,9.05,Fintech,Canada,0.0673,1.63,28.36
Search - SaaS,42575.0,3938.4,26/04/2024,2188.0,63,13519.27,3.43,SaaS,Germany,0.0514,1.8,62.51
Video - Fintech,51557.0,3602.5,23/07/2024,2882.0,135,6028.08,1.67,Fintech,Canada,0.0559,1.25,26.69
Search - E-commerce,109794.0,6256.46,26/02/2024,3886.0,73,9808.76,1.57,E-commerce,Canada,0.0354,1.61,85.7
Display - EdTech,13255.0,935.88,16/11/2024,709.0,37,11059.11,11.82,EdTech,UK,0.0535,1.32,25.29
Shopping - Healthcare,21972.0,2010.75,28/10/2024,1915.0,36,2412.15,1.2,Healthcare,UAE,0.0872,1.05,55.85
Shopping - SaaS,186136.0,13190.75,20/08/2024,13885.0,891,133397.7,10.11,SaaS,Canada,0.0746,0.95,14.8
Search - Healthcare,166711.0,20505.0,07/01/2024,13670.0,592,43676.76,2.13,Healthcare,UK,0.082,1.5,34.64
Shopping - SaaS,83871.0,6701.1,13/01/2024,6382.0,196,31406.57,4.69,SaaS,India,0.0761,1.05,34.19
Display - Healthcare,104626.0,10058.4,28/01/2024,9144.0,389,83739.39,8.33,Healthcare,India,0.0874,1.1,25.86
Display - E-commerce,189933.0,13693.85,28/10/2024,13295.0,284,45485.98,3.32,E-commerce,India,0.07,1.03,48.22
Display - Fintech,73743.0,3524.07,26/07/2024,1991.0,155,29721.14,8.43,Fintech,Canada,0.027,1.77,22.74
Shopping - SaaS,68815.0,2505.88,03/04/2024,3172.0,76,2602.57,1.04,SaaS,Australia,0.0461,0.79,32.97
Video - Fintech,138332.0,3345.3,24/08/2024,9558.0,195,26087.06,7.8,Fintech,UAE,0.0691,0.35,17.16
Display - Fintech,146587.0,9112.4,11/01/2024,5995.0,161,27684.26,3.04,Fintech,UK,0.0409,1.52,56.6
Shopping - SaaS,107262.0,6357.48,24/01/2024,5127.0,343,93405.13,14.69,SaaS,Germany,0.0478,1.24,18.53
shopping - edtech,11713.0,487.64,18/08/2024,334.0,13,2344.33,4.81,EdTech,Canada,0.0286,1.46,37.51
Search - EdTech,31727.0,1027.18,24/09/2024,2233.0,74,9946.57,9.68,EdTech,UK,0.0704,0.46,13.88
Search - EdTech,194117.0,21841.26,22/12/2024,16422.0,1133,121361.12,5.56,EdTech,Canada,0.0846,1.33,19.28
Shopping - Healthcare,23043.0,2086.24,03/02/2024,1534.0,119,6284.67,3.01,Healthcare,Australia,0.0666,1.36,17.53
Video - SaaS,187411.0,6736.81,06/07/2024,15667.0,996,51799.95,7.69,SaaS,Canada,0.0836,0.43,6.76
Shopping - Fintech,194060.0,20277.33,21/10/2024,11721.0,504,76238.77,3.76,Fintech,UK,0.0604,1.73,40.23
Shopping - EdTech,114863.0,9398.58,13/12/2024,5766.0,89,22499.92,2.39,EdTech,India,0.0502,1.63,105.6
video - edtech,193151.0,13749.84,24/10/2024,12168.0,612,109401.0,7.96,EdTech,India,0.063,1.13,22.47
Display - EdTech,102519.0,5142.0,21/06/2024,4285.0,137,26733.75,5.2,EdTech,Canada,0.0418,1.2,37.53
Video - EdTech,6628.0,334.08,01/09/2024,261.0,11,2224.48,6.66,EdTech,Australia,0.0395,1.28,30.37
Display - Healthcare,120409.0,8021.76,22/01/2024,8356.0,663,50787.7,6.33,Healthcare,Canada,0.0694,0.96,12.1
display - edtech,,,04/05/2024,,289,23286.47,2.03,EdTech,Germany,0.0537,1.78,39.76
Shopping - EdTech,186006.0,13683.04,22/04/2024,9002.0,266,31194.26,2.28,EdTech,Canada,0.0484,1.52,51.44
Shopping - SaaS,116709.0,13080.8,10/02/2024,6640.0,304,83458.18,6.38,SaaS,USA,0.0569,1.97,43.03
Shopping - EdTech,193568.0,15697.16,28/10/2024,12659.0,366,17585.84,1.12,EdTech,UAE,0.0654,1.24,42.89
Display - SaaS,194291.0,9987.84,18/02/2024,9248.0,669,34771.85,3.48,SaaS,USA,0.0476,1.08,14.93
Search - Fintech,132294.0,6774.3,11/04/2024,7527.0,262,50030.33,7.39,Fintech,UAE,0.0569,0.9,25.86
Display - E-commerce,66086.0,1094.61,29/12/2024,3317.0,206,51119.73,46.7,E-commerce,Germany,0.0502,0.33,5.31
Shopping - Healthcare,145225.0,4672.08,01/11/2024,5562.0,378,102053.93,21.84,Healthcare,India,0.0383,0.84,12.36
Search - E-commerce,179561.0,12384.0,19/01/2024,8600.0,212,34386.07,2.78,E-commerce,USA,0.0479,1.44,58.42
Display - E-commerce,180552.0,10251.0,23/12/2024,6030.0,383,23539.41,2.3,E-commerce,India,0.0334,1.7,26.77
Display - EdTech,163328.0,6027.01,03/07/2024,4981.0,142,21158.33,3.51,EdTech,USA,0.0305,1.21,42.44
Display - EdTech,93635.0,5933.68,03/06/2024,4363.0,117,29999.39,5.06,EdTech,USA,0.0466,1.36,50.72
Video - E-commerce,48475.0,2401.6,06/02/2024,3160.0,124,19990.89,8.32,E-commerce,Canada,0.0652,0.76,19.37
Video - Fintech,195722.0,25374.24,13/11/2024,12624.0,755,129016.77,5.08,Fintech,India,0.0645,2.01,33.61
Video - SaaS,191380.0,4085.5,20/03/2024,8171.0,572,155778.92,38.13,SaaS,USA,0.0427,0.5,7.14
Video - EdTech,111154.0,4560.36,25/09/2024,5124.0,368,82164.4,18.02,EdTech,India,0.0461,0.89,12.39
Video - EdTech,154676.0,6507.3,01/09/2024,5970.0,107,14099.39,2.17,EdTech,UK,0.0386,1.09,60.82
Display - SaaS,155929.0,6215.76,21/09/2024,6408.0,481,51123.92,8.22,SaaS,USA,0.0411,0.97,12.92
display - healthcare,,,07/10/2024,,240,46988.2,35.43,Healthcare,Canada,0.0367,0.29,5.53
Search - E-commerce,49659.0,3498.85,01/06/2024,2413.0,191,38157.72,10.91,E-commerce,Canada,0.0486,1.45,18.32
display - fintech,,,07/02/2024,,148,14545.74,4.1,Fintech,Germany,0.0663,0.52,24.0
Shopping - Healthcare,52368.0,2044.11,01/06/2024,3351.0,117,12829.28,6.28,Healthcare,Canada,0.064,0.61,17.47
Video - EdTech,144585.0,4345.64,15/06/2024,8357.0,412,78373.31,18.03,EdTech,Canada,0.0578,0.52,10.55
Shopping - Fintech,40308.0,4199.77,22/03/2024,3853.0,291,33059.93,7.87,Fintech,UK,0.0956,1.09,14.43
Search - E-commerce,43635.0,2987.49,08/08/2024,2469.0,133,19667.27,6.58,E-commerce,Germany,0.0566,1.21,22.46
Shopping - EdTech,141268.0,9178.48,20/04/2024,7402.0,335,31326.97,3.41,EdTech,UAE,0.0524,1.24,27.4
Display - EdTech,145631.0,3522.96,26/05/2024,4194.0,59,15427.34,4.38,EdTech,Germany,0.0288,0.84,59.71
Search - EdTech,191041.0,3918.29,22/11/2024,7393.0,446,15789.02,4.03,EdTech,Canada,0.0387,0.53,8.79
Video - Healthcare,72145.0,2354.66,13/11/2024,3058.0,78,7543.67,3.2,Healthcare,UK,0.0424,0.77,30.19
Search - Healthcare,195512.0,13574.64,12/12/2024,8328.0,198,14486.58,1.07,Healthcare,India,0.0426,1.63,68.56
video - saas,,,03/09/2024,,700,61706.24,5.15,SaaS,Germany,0.0597,1.3,17.11
Shopping - Healthcare,184065.0,8509.0,05/04/2024,6350.0,273,39093.51,4.59,Healthcare,UAE,0.0345,1.34,31.17
Search - EdTech,64484.0,3707.5,04/10/2024,2966.0,227,27232.61,7.35,EdTech,Germany,0.046,1.25,16.33
Search - Healthcare,131385.0,2349.4,23/03/2024,6910.0,206,6729.96,2.86,Healthcare,USA,0.0526,0.34,11.4
Search - EdTech,77882.0,1423.63,16/05/2024,3029.0,228,44433.62,31.21,EdTech,UAE,0.0389,0.47,6.24
Shopping - Healthcare,90066.0,10664.25,10/09/2024,6025.0,417,40275.46,3.78,Healthcare,UAE,0.0669,1.77,25.57
Video - Fintech,27584.0,1467.34,16/12/2024,1561.0,93,19425.98,13.24,Fintech,USA,0.0566,0.94,15.78
Video - EdTech,170011.0,5581.95,08/07/2024,10149.0,110,29617.76,5.31,EdTech,Germany,0.0597,0.55,50.74
Shopping - E-commerce,143667.0,7742.76,20/10/2024,6852.0,142,19589.64,2.53,E-commerce,UK,0.0477,1.13,54.53
Video - Fintech,41497.0,2144.35,12/02/2024,3299.0,112,6822.75,3.18,Fintech,USA,0.0795,0.65,19.15
display - saas,142456.0,9048.13,29/09/2024,9943.0,266,72736.17,8.04,SaaS,Germany,0.0698,0.91,34.02
Shopping - E-commerce,77726.0,1252.93,03/06/2024,2557.0,37,2932.31,2.34,E-commerce,Canada,0.0329,0.49,33.86
Video - SaaS,64222.0,3906.63,03/09/2024,2067.0,68,14851.97,3.8,SaaS,UAE,0.0322,1.89,57.45
Shopping - Healthcare,116739.0,1468.46,08/07/2024,4319.0,306,46873.98,31.92,Healthcare,India,0.037,0.34,4.8
Search - SaaS,115716.0,8577.04,17/01/2024,7394.0,242,49142.56,5.73,SaaS,Canada,0.0639,1.16,35.44
Search - Fintech,138025.0,5882.88,29/02/2024,9192.0,420,38810.35,6.6,Fintech,Canada,0.0666,0.64,14.01
Display - Fintech,168297.0,14749.0,07/09/2024,10535.0,561,30094.65,2.04,Fintech,USA,0.0626,1.4,26.29
Video - E-commerce,112294.0,8948.61,02/02/2024,9039.0,99,20435.34,2.28,E-commerce,USA,0.0805,0.99,90.39
Video - Healthcare,137895.0,7907.34,11/11/2024,5901.0,379,86835.97,10.98,Healthcare,USA,0.0428,1.34,20.86
Display - E-commerce,7978.0,339.77,27/02/2024,557.0,34,6686.61,19.68,E-commerce,Germany,0.0699,0.61,9.99
Display - Fintech,113994.0,3326.4,08/02/2024,4320.0,142,25985.24,7.81,Fintech,Germany,0.0379,0.77,23.43
Video - EdTech,120152.0,4474.61,04/08/2024,4613.0,108,27205.77,6.08,EdTech,UAE,0.0384,0.97,41.43
video - healthcare,98386.0,2644.6,30/03/2024,7556.0,385,43735.3,16.54,Healthcare,India,0.0768,0.35,6.87
Display - SaaS,36562.0,540.51,12/07/2024,1257.0,74,11838.52,21.9,SaaS,UAE,0.0344,0.43,7.3
Shopping - SaaS,179036.0,9610.02,23/02/2024,11046.0,787,127296.84,13.25,SaaS,India,0.0617,0.87,12.21
Shopping - E-commerce,130645.0,7830.85,22/06/2024,8243.0,356,16420.6,2.1,E-commerce,India,0.0631,0.95,22.0
Search - Fintech,101411.0,7589.7,11/08/2024,9370.0,523,26633.21,3.51,Fintech,Germany,0.0924,0.81,14.51
Video - Fintech,116184.0,1390.26,08/12/2024,4089.0,263,54249.41,39.02,Fintech,Germany,0.0352,0.34,5.29
Display - Fintech,192583.0,18394.55,07/10/2024,11285.0,562,124224.31,6.75,Fintech,Canada,0.0586,1.63,32.73
Search - Fintech,92030.0,3634.86,19/03/2024,6267.0,136,11204.78,3.08,Fintech,India,0.0681,0.58,26.73
shopping - e-commerce,41200.0,3138.14,01/04/2024,1763.0,101,27614.2,8.8,E-commerce,Australia,0.0428,1.78,31.07
Shopping - E-commerce,137817.0,13154.08,06/12/2024,8654.0,392,54000.95,4.11,E-commerce,Germany,0.0628,1.52,33.56
Video - Fintech,153145.0,7340.94,20/01/2024,7197.0,89,6214.05,0.85,Fintech,USA,0.047,1.02,82.48
Shopping - Fintech,5059.0,302.95,22/01/2024,415.0,4,798.87,2.64,Fintech,Germany,0.0822,0.73,75.74
Search - SaaS,96045.0,1804.2,28/02/2024,5820.0,235,47063.54,26.09,SaaS,USA,0.0606,0.31,7.68
Video - Healthcare,89944.0,819.64,27/04/2024,2644.0,80,12715.09,15.51,Healthcare,Australia,0.0294,0.31,10.25
Shopping - SaaS,180721.0,12192.7,17/10/2024,9379.0,286,52558.42,4.31,SaaS,USA,0.0519,1.3,42.63
Display - Healthcare,195759.0,3413.14,09/12/2024,7262.0,75,16681.83,4.89,Healthcare,Australia,0.0371,0.47,45.51
Search - Fintech,57006.0,3279.1,25/02/2024,2981.0,192,40566.37,12.37,Fintech,UAE,0.0523,1.1,17.08
Shopping - Healthcare,196605.0,26262.72,02/02/2024,14922.0,757,181823.28,6.92,Healthcare,Australia,0.0759,1.76,34.69
Shopping - Healthcare,71514.0,4393.74,29/10/2024,3354.0,165,17363.87,3.95,Healthcare,UAE,0.0469,1.31,26.63
Search - Fintech,108806.0,1825.2,07/02/2024,5070.0,279,26787.94,14.68,Fintech,Germany,0.0466,0.36,6.54
Shopping - Healthcare,7234.0,352.16,30/11/2024,496.0,10,399.8,1.14,Healthcare,UK,0.0687,0.71,35.22
Video - EdTech,5497.0,318.78,21/03/2024,231.0,18,4467.32,14.01,EdTech,India,0.0422,1.38,17.71
Video - E-commerce,62868.0,4344.0,16/01/2024,2715.0,180,35590.01,8.19,E-commerce,Australia,0.0432,1.6,24.13
Search - E-commerce,24854.0,1260.84,28/03/2024,1106.0,38,8735.32,6.93,E-commerce,Australia,0.0445,1.14,33.18
Shopping - EdTech,131956.0,2253.88,27/12/2024,7772.0,211,23120.58,10.26,EdTech,USA,0.0589,0.29,10.68
Shopping - Healthcare,144940.0,6986.23,10/09/2024,5333.0,148,32610.09,4.67,Healthcare,India,0.0368,1.31,47.2
Shopping - SaaS,152322.0,5607.98,12/04/2024,13678.0,813,103237.84,18.41,SaaS,UAE,0.0898,0.41,6.9
Search - EdTech,71883.0,3551.67,29/02/2024,2077.0,87,12811.32,3.61,EdTech,Australia,0.0289,1.71,40.82
display - fintech,43319.0,4206.44,26/12/2024,2534.0,111,10456.87,2.49,Fintech,Germany,0.0585,1.66,37.9
Video - E-commerce,180128.0,8866.2,11/07/2024,10555.0,707,200566.9,22.62,E-commerce,Germany,0.0586,0.84,12.54
video - fintech,41497.0,2144.35,12/02/2024,3299.0,112,6822.75,3.18,Fintech,USA,0.0795,0.65,19.15
Shopping - EdTech,131956.0,2253.88,27/12/2024,7772.0,211,23120.58,10.26,EdTech,USA,0.0589,0.29,10.68
Shopping - Healthcare,41113.0,2253.12,16/08/2024,2347.0,33,2659.26,1.18,Healthcare,Canada,0.0571,0.96,68.28
Shopping - Healthcare,191994.0,16089.84,13/12/2024,14898.0,936,60355.75,3.75,Healthcare,Australia,0.0776,1.08,17.19
video - e-commerce,,,02/02/2024,,99,20435.34,2.28,E-commerce,USA,0.0805,0.99,90.39
Search - SaaS,195972.0,6898.0,27/02/2024,13796.0,645,54701.33,7.93,SaaS,UAE,0.0704,0.5,10.69
Display - Fintech,187663.0,7445.1,22/06/2024,10790.0,121,18190.79,2.44,Fintech,UK,0.0575,0.69,61.53
search - edtech,,,29/02/2024,,87,12811.32,3.61,EdTech,Australia,0.0289,1.71,40.82
Display - SaaS,149143.0,2742.75,26/12/2024,5175.0,140,11705.28,4.27,SaaS,USA,0.0347,0.53,19.59
Search - SaaS,57448.0,1169.0,04/04/2024,2338.0,143,25654.56,21.95,SaaS,UAE,0.0407,0.5,8.17
Shopping - Fintech,132571.0,9329.94,24/09/2024,9147.0,502,55471.3,5.95,Fintech,UAE,0.069,1.02,18.59
Video - Fintech,153145.0,7340.94,20/01/2024,7197.0,89,6214.05,0.85,Fintech,USA,0.047,1.02,82.48
Video - E-commerce,145148.0,8585.38,04/04/2024,5762.0,213,10475.22,1.22,E-commerce,Australia,0.0397,1.49,40.31
